Using pre-set license
Built from '2021.3/staging' branch; Version is '2021.3.22f1 (b6c551784ba3) revision 11978065'; Using compiler version '192829333'; Build Type 'Release'
OS: 'Windows 10  (10.0.19045) 64bit Core' Language: 'en' Physical Memory: 16149 MB
BatchMode: 1, IsHumanControllingUs: 0, StartBugReporterOnCrash: 0, Is64bit: 1, IsPro: 1

COMMAND LINE ARGUMENTS:
C:\Program Files\Unity\Hub\Editor\2021.3.22f1\Editor\Unity.exe
-adb2
-batchMode
-noUpm
-name
AssetImportWorker0
-projectPath
C:/Users/34992/Unity_Projects/SpaceGame-RPG/SpaceGame
-logFile
Logs/AssetImportWorker0.log
-srvPort
52357
Successfully changed project path to: C:/Users/34992/Unity_Projects/SpaceGame-RPG/SpaceGame
C:/Users/34992/Unity_Projects/SpaceGame-RPG/SpaceGame
[UnityMemory] Configuration Parameters - Can be set up in boot.config
    "memorysetup-bucket-allocator-granularity=16"
    "memorysetup-bucket-allocator-bucket-count=8"
    "memorysetup-bucket-allocator-block-size=33554432"
    "memorysetup-bucket-allocator-block-count=8"
    "memorysetup-main-allocator-block-size=16777216"
    "memorysetup-thread-allocator-block-size=16777216"
    "memorysetup-gfx-main-allocator-block-size=16777216"
    "memorysetup-gfx-thread-allocator-block-size=16777216"
    "memorysetup-cache-allocator-block-size=4194304"
    "memorysetup-typetree-allocator-block-size=2097152"
    "memorysetup-profiler-bucket-allocator-granularity=16"
    "memorysetup-profiler-bucket-allocator-bucket-count=8"
    "memorysetup-profiler-bucket-allocator-block-size=33554432"
    "memorysetup-profiler-bucket-allocator-block-count=8"
    "memorysetup-profiler-allocator-block-size=16777216"
    "memorysetup-profiler-editor-allocator-block-size=1048576"
    "memorysetup-temp-allocator-size-main=16777216"
    "memorysetup-job-temp-allocator-block-size=2097152"
    "memorysetup-job-temp-allocator-block-size-background=1048576"
    "memorysetup-job-temp-allocator-reduction-small-platforms=262144"
    "memorysetup-temp-allocator-size-background-worker=32768"
    "memorysetup-temp-allocator-size-job-worker=262144"
    "memorysetup-temp-allocator-size-preload-manager=33554432"
    "memorysetup-temp-allocator-size-nav-mesh-worker=65536"
    "memorysetup-temp-allocator-size-audio-worker=65536"
    "memorysetup-temp-allocator-size-cloud-worker=32768"
    "memorysetup-temp-allocator-size-gi-baking-worker=262144"
    "memorysetup-temp-allocator-size-gfx=262144"
Player connection [4752] Host "[IP] 192.168.2.22 [Port] 0 [Flags] 2 [Guid] 375510323 [EditorId] 375510323 [Version] 1048832 [Id] WindowsEditor(7,DESKTOP-7MUHD1P) [Debug] 1 [PackageName] WindowsEditor [ProjectName] Editor" joined multi-casting on [225.0.0.222:54997]...

Player connection [4752] Host "[IP] 192.168.2.22 [Port] 0 [Flags] 2 [Guid] 375510323 [EditorId] 375510323 [Version] 1048832 [Id] WindowsEditor(7,DESKTOP-7MUHD1P) [Debug] 1 [PackageName] WindowsEditor [ProjectName] Editor" joined alternative multi-casting on [225.0.0.222:34997]...

Refreshing native plugins compatible for Editor in 146.95 ms, found 4 plugins.
Preloading 0 native plugins for Editor in 0.00 ms.
Initialize engine version: 2021.3.22f1 (b6c551784ba3)
[Subsystems] Discovering subsystems at path C:/Program Files/Unity/Hub/Editor/2021.3.22f1/Editor/Data/Resources/UnitySubsystems
[Subsystems] Discovering subsystems at path C:/Users/34992/Unity_Projects/SpaceGame-RPG/SpaceGame/Assets
GfxDevice: creating device client; threaded=0; jobified=0
Direct3D:
    Version:  Direct3D 11.0 [level 11.1]
    Renderer: Intel(R) Iris(R) Xe Graphics (ID=0x9a49)
    Vendor:   Intel
    VRAM:     8074 MB
    Driver:   27.20.100.8984
Initialize mono
Mono path[0] = 'C:/Program Files/Unity/Hub/Editor/2021.3.22f1/Editor/Data/Managed'
Mono path[1] = 'C:/Program Files/Unity/Hub/Editor/2021.3.22f1/Editor/Data/MonoBleedingEdge/lib/mono/unityjit-win32'
Mono config path = 'C:/Program Files/Unity/Hub/Editor/2021.3.22f1/Editor/Data/MonoBleedingEdge/etc'
Using monoOptions --debugger-agent=transport=dt_socket,embedding=1,server=y,suspend=n,address=127.0.0.1:56360
Begin MonoManager ReloadAssembly
Registering precompiled unity dll's ...
Register platform support module: C:/Program Files/Unity/Hub/Editor/2021.3.22f1/Editor/Data/PlaybackEngines/WebGLSupport/UnityEditor.WebGL.Extensions.dll
Register platform support module: C:/Program Files/Unity/Hub/Editor/2021.3.22f1/Editor/Data/PlaybackEngines/WindowsStandaloneSupport/UnityEditor.WindowsStandalone.Extensions.dll
Registered in 0.020283 seconds.
Native extension for WindowsStandalone target not found
Native extension for WebGL target not found
Refreshing native plugins compatible for Editor in 221.19 ms, found 4 plugins.
Preloading 0 native plugins for Editor in 0.00 ms.
Mono: successfully reloaded assembly
- Completed reload, in  1.350 seconds
Domain Reload Profiling:
	ReloadAssembly (1351ms)
		BeginReloadAssembly (185ms)
			ExecutionOrderSort (0ms)
			DisableScriptedObjects (0ms)
			BackupInstance (0ms)
			ReleaseScriptingObjects (0ms)
			CreateAndSetChildDomain (1ms)
		EndReloadAssembly (966ms)
			LoadAssemblies (179ms)
			RebuildTransferFunctionScriptingTraits (0ms)
			SetupTypeCache (174ms)
			ReleaseScriptCaches (0ms)
			RebuildScriptCaches (61ms)
			SetupLoadedEditorAssemblies (619ms)
				LogAssemblyErrors (0ms)
				InitializePlatformSupportModulesInManaged (17ms)
				SetLoadedEditorAssemblies (0ms)
				RefreshPlugins (221ms)
				BeforeProcessingInitializeOnLoad (4ms)
				ProcessInitializeOnLoadAttributes (296ms)
				ProcessInitializeOnLoadMethodAttributes (80ms)
				AfterProcessingInitializeOnLoad (0ms)
				EditorAssembliesLoaded (0ms)
			ExecutionOrderSort2 (0ms)
			AwakeInstancesAfterBackupRestoration (0ms)
Platform modules already initialized, skipping
Registering precompiled user dll's ...
Registered in 0.027927 seconds.
Begin MonoManager ReloadAssembly
Symbol file LoadedFromMemory doesn't match image C:\Users\34992\Unity_Projects\SpaceGame-RPG\SpaceGame\Library\PackageCache\com.unity.visualscripting@1.8.0\Editor\VisualScripting.Core\Dependencies\YamlDotNet\Unity.VisualScripting.YamlDotNet.dll
Symbol file LoadedFromMemory doesn't match image C:\Users\34992\Unity_Projects\SpaceGame-RPG\SpaceGame\Library\PackageCache\com.unity.visualscripting@1.8.0\Editor\VisualScripting.Core\Dependencies\DotNetZip\Unity.VisualScripting.IonicZip.dll
Native extension for WindowsStandalone target not found
Native extension for WebGL target not found
Refreshing native plugins compatible for Editor in 242.47 ms, found 4 plugins.
Preloading 0 native plugins for Editor in 0.00 ms.
Mono: successfully reloaded assembly
- Completed reload, in  2.673 seconds
Domain Reload Profiling:
	ReloadAssembly (2674ms)
		BeginReloadAssembly (266ms)
			ExecutionOrderSort (0ms)
			DisableScriptedObjects (8ms)
			BackupInstance (0ms)
			ReleaseScriptingObjects (0ms)
			CreateAndSetChildDomain (48ms)
		EndReloadAssembly (2208ms)
			LoadAssemblies (186ms)
			RebuildTransferFunctionScriptingTraits (0ms)
			SetupTypeCache (607ms)
			ReleaseScriptCaches (1ms)
			RebuildScriptCaches (105ms)
			SetupLoadedEditorAssemblies (1229ms)
				LogAssemblyErrors (0ms)
				InitializePlatformSupportModulesInManaged (19ms)
				SetLoadedEditorAssemblies (1ms)
				RefreshPlugins (243ms)
				BeforeProcessingInitializeOnLoad (195ms)
				ProcessInitializeOnLoadAttributes (528ms)
				ProcessInitializeOnLoadMethodAttributes (219ms)
				AfterProcessingInitializeOnLoad (25ms)
				EditorAssembliesLoaded (0ms)
			ExecutionOrderSort2 (0ms)
			AwakeInstancesAfterBackupRestoration (13ms)
Platform modules already initialized, skipping
========================================================================
Worker process is ready to serve import requests
Launched and connected shader compiler UnityShaderCompiler.exe after 0.07 seconds
Refreshing native plugins compatible for Editor in 1.24 ms, found 4 plugins.
Preloading 0 native plugins for Editor in 0.00 ms.
Unloading 5207 Unused Serialized files (Serialized files now loaded: 0)
Unloading 55 unused Assets / (1.2 MB). Loaded Objects now: 5653.
Memory consumption went from 201.6 MB to 200.4 MB.
Total: 6.643900 ms (FindLiveObjects: 0.586500 ms CreateObjectMapping: 0.945900 ms MarkObjects: 4.341900 ms  DeleteObjects: 0.768300 ms)

AssetImportParameters requested are different than current active one (requested -> active):
  custom:video-decoder-ogg-theora: a1e56fd34408186e4bbccfd4996cb3dc -> 
  custom:container-muxer-webm: aa71ff27fc2769a1b78a27578f13a17b -> 
  custom:container-demuxer-webm: 4f35f7cbe854078d1ac9338744f61a02 -> 
  custom:video-encoder-webm-vp8: eb34c28f22e8b96e1ab97ce403110664 -> 
  custom:audio-encoder-webm-vorbis: bf7c407c2cedff20999df2af8eb42d56 -> 
  custom:framework-win-MediaFoundation: 216162199b28c13a410421893ffa2e32 -> 
  custom:container-demuxer-ogg: 62fdf1f143b41e24485cea50d1cbac27 -> 
  custom:video-decoder-webm-vp8: 9c59270c3fd7afecdb556c50c9e8de78 -> 
  custom:audio-decoder-ogg-vorbis: bf7c407c2cedff20999df2af8eb42d56 -> 
========================================================================
Received Import Request.
  Time since last request: 1186331.624934 seconds.
  path: Assets/TilePalettes/HomeStationTP.prefab
  artifactKey: Guid(047ae056962476047a436294a3dad8ce) Importer(815301076,1909f56bfc062723c751e8b465ee728b)
Start importing Assets/TilePalettes/HomeStationTP.prefab using Guid(047ae056962476047a436294a3dad8ce) Importer(815301076,1909f56bfc062723c751e8b465ee728b)  -> (artifact id: 'fdd2c1e2b5de9d8485fd9f1a4a7ba6f7') in 0.178711 seconds 
========================================================================
Received Prepare
Registering precompiled user dll's ...
Registered in 0.024382 seconds.
Begin MonoManager ReloadAssembly
Symbol file LoadedFromMemory doesn't match image C:\Users\34992\Unity_Projects\SpaceGame-RPG\SpaceGame\Library\PackageCache\com.unity.visualscripting@1.8.0\Editor\VisualScripting.Core\Dependencies\YamlDotNet\Unity.VisualScripting.YamlDotNet.dll
Symbol file LoadedFromMemory doesn't match image C:\Users\34992\Unity_Projects\SpaceGame-RPG\SpaceGame\Library\PackageCache\com.unity.visualscripting@1.8.0\Editor\VisualScripting.Core\Dependencies\DotNetZip\Unity.VisualScripting.IonicZip.dll
Native extension for WindowsStandalone target not found
Native extension for WebGL target not found
Refreshing native plugins compatible for Editor in 0.95 ms, found 4 plugins.
Preloading 0 native plugins for Editor in 0.00 ms.
Mono: successfully reloaded assembly
- Completed reload, in  1.811 seconds
Domain Reload Profiling:
	ReloadAssembly (1811ms)
		BeginReloadAssembly (224ms)
			ExecutionOrderSort (0ms)
			DisableScriptedObjects (9ms)
			BackupInstance (0ms)
			ReleaseScriptingObjects (0ms)
			CreateAndSetChildDomain (65ms)
		EndReloadAssembly (1436ms)
			LoadAssemblies (164ms)
			RebuildTransferFunctionScriptingTraits (0ms)
			SetupTypeCache (488ms)
			ReleaseScriptCaches (3ms)
			RebuildScriptCaches (64ms)
			SetupLoadedEditorAssemblies (665ms)
				LogAssemblyErrors (0ms)
				InitializePlatformSupportModulesInManaged (11ms)
				SetLoadedEditorAssemblies (0ms)
				RefreshPlugins (1ms)
				BeforeProcessingInitializeOnLoad (125ms)
				ProcessInitializeOnLoadAttributes (352ms)
				ProcessInitializeOnLoadMethodAttributes (154ms)
				AfterProcessingInitializeOnLoad (22ms)
				EditorAssembliesLoaded (0ms)
			ExecutionOrderSort2 (0ms)
			AwakeInstancesAfterBackupRestoration (20ms)
Platform modules already initialized, skipping
Refreshing native plugins compatible for Editor in 3.69 ms, found 4 plugins.
Preloading 0 native plugins for Editor in 0.00 ms.
Unloading 5141 Unused Serialized files (Serialized files now loaded: 0)
Unloading 42 unused Assets / (1.2 MB). Loaded Objects now: 5664.
Memory consumption went from 199.5 MB to 198.2 MB.
Total: 5.362900 ms (FindLiveObjects: 0.474300 ms CreateObjectMapping: 0.669500 ms MarkObjects: 3.453400 ms  DeleteObjects: 0.764200 ms)

AssetImportParameters requested are different than current active one (requested -> active):
  custom:video-decoder-ogg-theora: a1e56fd34408186e4bbccfd4996cb3dc -> 
  custom:container-muxer-webm: aa71ff27fc2769a1b78a27578f13a17b -> 
  custom:container-demuxer-webm: 4f35f7cbe854078d1ac9338744f61a02 -> 
  custom:video-encoder-webm-vp8: eb34c28f22e8b96e1ab97ce403110664 -> 
  custom:audio-encoder-webm-vorbis: bf7c407c2cedff20999df2af8eb42d56 -> 
  custom:framework-win-MediaFoundation: 216162199b28c13a410421893ffa2e32 -> 
  custom:container-demuxer-ogg: 62fdf1f143b41e24485cea50d1cbac27 -> 
  custom:video-decoder-webm-vp8: 9c59270c3fd7afecdb556c50c9e8de78 -> 
  custom:audio-decoder-ogg-vorbis: bf7c407c2cedff20999df2af8eb42d56 -> 
========================================================================
Received Import Request.
  Time since last request: 3855.687503 seconds.
  path: Assets/Sprites/home_station_tilemap.png
  artifactKey: Guid(b3319af4914d57a4db045cbbe6636a9e) Importer(815301076,1909f56bfc062723c751e8b465ee728b)
Start importing Assets/Sprites/home_station_tilemap.png using Guid(b3319af4914d57a4db045cbbe6636a9e) Importer(815301076,1909f56bfc062723c751e8b465ee728b)  -> (artifact id: '775731ac710a041ae826cf233d135cde') in 0.219675 seconds 
========================================================================
Received Import Request.
  Time since last request: 0.000065 seconds.
  path: Assets/Sprites/MerrySprite.png
  artifactKey: Guid(c531bbf076d56534488704d64c80bd6b) Importer(815301076,1909f56bfc062723c751e8b465ee728b)
Start importing Assets/Sprites/MerrySprite.png using Guid(c531bbf076d56534488704d64c80bd6b) Importer(815301076,1909f56bfc062723c751e8b465ee728b)  -> (artifact id: 'ad7f4be9c0f55ae7f9d920672b471065') in 0.022443 seconds 
========================================================================
Received Import Request.
  Time since last request: 0.000040 seconds.
  path: Assets/Sprites/PlayerSpriteMale.png
  artifactKey: Guid(7aa23289cfaf18242a1b6bf12bb08973) Importer(815301076,1909f56bfc062723c751e8b465ee728b)
Start importing Assets/Sprites/PlayerSpriteMale.png using Guid(7aa23289cfaf18242a1b6bf12bb08973) Importer(815301076,1909f56bfc062723c751e8b465ee728b)  -> (artifact id: 'b24f2135ed919121bd3d02f241b8b886') in 0.022240 seconds 
========================================================================
Received Import Request.
  Time since last request: 109.799819 seconds.
  path: Assets/Sprites/home_station_tilemap.png
  artifactKey: Guid(b3319af4914d57a4db045cbbe6636a9e) Importer(815301076,1909f56bfc062723c751e8b465ee728b)
Start importing Assets/Sprites/home_station_tilemap.png using Guid(b3319af4914d57a4db045cbbe6636a9e) Importer(815301076,1909f56bfc062723c751e8b465ee728b)  -> (artifact id: '5867eb9762e606709ac3f10ab0f935b2') in 0.027377 seconds 
========================================================================
Received Import Request.
  Time since last request: 123.143134 seconds.
  path: Assets/Sprites/home_station_tilemap.png
  artifactKey: Guid(b3319af4914d57a4db045cbbe6636a9e) Importer(815301076,1909f56bfc062723c751e8b465ee728b)
Start importing Assets/Sprites/home_station_tilemap.png using Guid(b3319af4914d57a4db045cbbe6636a9e) Importer(815301076,1909f56bfc062723c751e8b465ee728b)  -> (artifact id: 'a3a2ebb62ee5b13512b7a6f87935b573') in 0.070935 seconds 
========================================================================
Received Import Request.
  Time since last request: 121.413926 seconds.
  path: Assets/Tiles
  artifactKey: Guid(ce25028391e9b3b45a4acbff0433e43a) Importer(815301076,1909f56bfc062723c751e8b465ee728b)
Start importing Assets/Tiles using Guid(ce25028391e9b3b45a4acbff0433e43a) Importer(815301076,1909f56bfc062723c751e8b465ee728b)  -> (artifact id: '552e7f431f6b672622b414ad71aaafd0') in 0.013077 seconds 
========================================================================
Received Import Request.
  Time since last request: 0.026771 seconds.
  path: Assets/Tiles/home_station_tilemap_0.asset
  artifactKey: Guid(ed0e0d3225a8c044494c2d2d1375701a) Importer(815301076,1909f56bfc062723c751e8b465ee728b)
Start importing Assets/Tiles/home_station_tilemap_0.asset using Guid(ed0e0d3225a8c044494c2d2d1375701a) Importer(815301076,1909f56bfc062723c751e8b465ee728b)  -> (artifact id: '43cd6bd731f1570e6844ad76a330764c') in 0.036430 seconds 
========================================================================
Received Import Request.
  Time since last request: 0.000028 seconds.
  path: Assets/Tiles/home_station_tilemap_14.asset
  artifactKey: Guid(1c0ccb65c5be8624cb030b760cd1c528) Importer(815301076,1909f56bfc062723c751e8b465ee728b)
Start importing Assets/Tiles/home_station_tilemap_14.asset using Guid(1c0ccb65c5be8624cb030b760cd1c528) Importer(815301076,1909f56bfc062723c751e8b465ee728b)  -> (artifact id: '53bc246d89cc89b35f287f0d813dfe14') in 0.023813 seconds 
========================================================================
Received Import Request.
  Time since last request: 0.000041 seconds.
  path: Assets/Tiles/home_station_tilemap_36.asset
  artifactKey: Guid(c2affec0d21aee1488c5752fd236de48) Importer(815301076,1909f56bfc062723c751e8b465ee728b)
Start importing Assets/Tiles/home_station_tilemap_36.asset using Guid(c2affec0d21aee1488c5752fd236de48) Importer(815301076,1909f56bfc062723c751e8b465ee728b)  -> (artifact id: '0b62eb786a61299eb10e32b5831985ed') in 0.023491 seconds 
========================================================================
Received Import Request.
  Time since last request: 0.000031 seconds.
  path: Assets/Tiles/home_station_tilemap_33.asset
  artifactKey: Guid(eb9671c9391e04d43a45bc2f5f59c487) Importer(815301076,1909f56bfc062723c751e8b465ee728b)
Start importing Assets/Tiles/home_station_tilemap_33.asset using Guid(eb9671c9391e04d43a45bc2f5f59c487) Importer(815301076,1909f56bfc062723c751e8b465ee728b)  -> (artifact id: 'dac1041015a7465be8d81970f5c65a80') in 0.021502 seconds 
========================================================================
Received Import Request.
  Time since last request: 0.000027 seconds.
  path: Assets/Tiles/home_station_tilemap_16.asset
  artifactKey: Guid(817ac75e404fc20468ecacbbb2ed381a) Importer(815301076,1909f56bfc062723c751e8b465ee728b)
Start importing Assets/Tiles/home_station_tilemap_16.asset using Guid(817ac75e404fc20468ecacbbb2ed381a) Importer(815301076,1909f56bfc062723c751e8b465ee728b)  -> (artifact id: 'ec0edec92bbba638b1b7ef526a85c401') in 0.021526 seconds 
========================================================================
Received Import Request.
  Time since last request: 0.000032 seconds.
  path: Assets/Tiles/home_station_tilemap_7.asset
  artifactKey: Guid(3f1efcbbe0f7e134da379e2d9c38211e) Importer(815301076,1909f56bfc062723c751e8b465ee728b)
Start importing Assets/Tiles/home_station_tilemap_7.asset using Guid(3f1efcbbe0f7e134da379e2d9c38211e) Importer(815301076,1909f56bfc062723c751e8b465ee728b)  -> (artifact id: 'bd444f5681d1c455ec6e7d09b98c01aa') in 0.021579 seconds 
========================================================================
Received Import Request.
  Time since last request: 0.000036 seconds.
  path: Assets/Tiles/home_station_tilemap_19.asset
  artifactKey: Guid(ee5bcd008d69a274fb76c1966283b361) Importer(815301076,1909f56bfc062723c751e8b465ee728b)
Start importing Assets/Tiles/home_station_tilemap_19.asset using Guid(ee5bcd008d69a274fb76c1966283b361) Importer(815301076,1909f56bfc062723c751e8b465ee728b)  -> (artifact id: '84912ee530c6c5cf3491210fe84abe88') in 0.020980 seconds 
========================================================================
Received Import Request.
  Time since last request: 0.000027 seconds.
  path: Assets/Tiles/home_station_tilemap_2.asset
  artifactKey: Guid(166a3981950bbb94582eb49b48d5eb3e) Importer(815301076,1909f56bfc062723c751e8b465ee728b)
Start importing Assets/Tiles/home_station_tilemap_2.asset using Guid(166a3981950bbb94582eb49b48d5eb3e) Importer(815301076,1909f56bfc062723c751e8b465ee728b)  -> (artifact id: 'b8e2ebf3a863fa8e15c13b1b6767c406') in 0.022723 seconds 
========================================================================
Received Import Request.
  Time since last request: 0.000026 seconds.
  path: Assets/Tiles/home_station_tilemap_26.asset
  artifactKey: Guid(a5c80df164af71143924987df4baeb37) Importer(815301076,1909f56bfc062723c751e8b465ee728b)
Start importing Assets/Tiles/home_station_tilemap_26.asset using Guid(a5c80df164af71143924987df4baeb37) Importer(815301076,1909f56bfc062723c751e8b465ee728b)  -> (artifact id: 'f2cf03d3821680f2a24bab07f606e38d') in 0.022693 seconds 
========================================================================
Received Import Request.
  Time since last request: 0.000036 seconds.
  path: Assets/Tiles/home_station_tilemap_32.asset
  artifactKey: Guid(c4ff96117c4368147a245ca37a22ea83) Importer(815301076,1909f56bfc062723c751e8b465ee728b)
Start importing Assets/Tiles/home_station_tilemap_32.asset using Guid(c4ff96117c4368147a245ca37a22ea83) Importer(815301076,1909f56bfc062723c751e8b465ee728b)  -> (artifact id: 'f8f716f2f0d8af4177d49b41f9e0d892') in 0.018036 seconds 
========================================================================
Received Import Request.
  Time since last request: 0.000057 seconds.
  path: Assets/Tiles/home_station_tilemap_25.asset
  artifactKey: Guid(249d65e7d8c83b54283e228a4d6cbb94) Importer(815301076,1909f56bfc062723c751e8b465ee728b)
Start importing Assets/Tiles/home_station_tilemap_25.asset using Guid(249d65e7d8c83b54283e228a4d6cbb94) Importer(815301076,1909f56bfc062723c751e8b465ee728b)  -> (artifact id: '50d71f8ea238af29047c9c647c7ed2b3') in 0.021361 seconds 
========================================================================
Received Import Request.
  Time since last request: 0.000040 seconds.
  path: Assets/Tiles/home_station_tilemap_17.asset
  artifactKey: Guid(be8ce1a2d00d32049b5c01d7e9bb7fc2) Importer(815301076,1909f56bfc062723c751e8b465ee728b)
Start importing Assets/Tiles/home_station_tilemap_17.asset using Guid(be8ce1a2d00d32049b5c01d7e9bb7fc2) Importer(815301076,1909f56bfc062723c751e8b465ee728b)  -> (artifact id: '7831610b07fad12b7d527eb2901ff458') in 0.023558 seconds 
========================================================================
Received Import Request.
  Time since last request: 0.000048 seconds.
  path: Assets/Tiles/home_station_tilemap_35.asset
  artifactKey: Guid(909ec4499a7df024fba95c28b99085a5) Importer(815301076,1909f56bfc062723c751e8b465ee728b)
Start importing Assets/Tiles/home_station_tilemap_35.asset using Guid(909ec4499a7df024fba95c28b99085a5) Importer(815301076,1909f56bfc062723c751e8b465ee728b)  -> (artifact id: '990e2433382fd47ab86bd21ce2e1a998') in 0.020258 seconds 
========================================================================
Received Import Request.
  Time since last request: 0.000026 seconds.
  path: Assets/Tiles/home_station_tilemap_11.asset
  artifactKey: Guid(e856c52773e1828418ec74339bd78e3f) Importer(815301076,1909f56bfc062723c751e8b465ee728b)
Start importing Assets/Tiles/home_station_tilemap_11.asset using Guid(e856c52773e1828418ec74339bd78e3f) Importer(815301076,1909f56bfc062723c751e8b465ee728b)  -> (artifact id: 'cc82502d06f5255e65c92bbb0086a87e') in 0.020424 seconds 
========================================================================
Received Import Request.
  Time since last request: 0.000047 seconds.
  path: Assets/Tiles/home_station_tilemap_21.asset
  artifactKey: Guid(c55499b641048b14ba14e85092e116fe) Importer(815301076,1909f56bfc062723c751e8b465ee728b)
Start importing Assets/Tiles/home_station_tilemap_21.asset using Guid(c55499b641048b14ba14e85092e116fe) Importer(815301076,1909f56bfc062723c751e8b465ee728b)  -> (artifact id: '233fbc1bcac6fe0a2097f56ea6e8c46b') in 0.022189 seconds 
========================================================================
Received Import Request.
  Time since last request: 0.000028 seconds.
  path: Assets/Tiles/home_station_tilemap_18.asset
  artifactKey: Guid(040db0e1e357aba4ea8fb97cfe1137a8) Importer(815301076,1909f56bfc062723c751e8b465ee728b)
Start importing Assets/Tiles/home_station_tilemap_18.asset using Guid(040db0e1e357aba4ea8fb97cfe1137a8) Importer(815301076,1909f56bfc062723c751e8b465ee728b)  -> (artifact id: '2c1c1ad3e475d59517615f4e14ff81a0') in 0.022591 seconds 
========================================================================
Received Import Request.
  Time since last request: 0.000033 seconds.
  path: Assets/Tiles/home_station_tilemap_13.asset
  artifactKey: Guid(3101bc12a26018449ad25ca29059ed71) Importer(815301076,1909f56bfc062723c751e8b465ee728b)
Start importing Assets/Tiles/home_station_tilemap_13.asset using Guid(3101bc12a26018449ad25ca29059ed71) Importer(815301076,1909f56bfc062723c751e8b465ee728b)  -> (artifact id: 'e9a8deb990292653aafe6a331513ad4b') in 0.022759 seconds 
========================================================================
Received Import Request.
  Time since last request: 0.000036 seconds.
  path: Assets/Tiles/home_station_tilemap_28.asset
  artifactKey: Guid(3dfd3c9f6c1ef494cad7f8e2f2e79e3a) Importer(815301076,1909f56bfc062723c751e8b465ee728b)
Start importing Assets/Tiles/home_station_tilemap_28.asset using Guid(3dfd3c9f6c1ef494cad7f8e2f2e79e3a) Importer(815301076,1909f56bfc062723c751e8b465ee728b)  -> (artifact id: '225e405df9bec7f273c9028a80914ed7') in 0.022805 seconds 
========================================================================
Received Import Request.
  Time since last request: 1.022693 seconds.
  path: Assets/Tiles/home_station_tilemap_37.asset
  artifactKey: Guid(4d8f8b487c4609b4d96b519ca171fa67) Importer(815301076,1909f56bfc062723c751e8b465ee728b)
Start importing Assets/Tiles/home_station_tilemap_37.asset using Guid(4d8f8b487c4609b4d96b519ca171fa67) Importer(815301076,1909f56bfc062723c751e8b465ee728b)  -> (artifact id: '627a2718b2f5bdf66d7beacd3b89c1be') in 0.022867 seconds 
========================================================================
Received Import Request.
  Time since last request: 0.000029 seconds.
  path: Assets/Tiles/home_station_tilemap_39.asset
  artifactKey: Guid(365fcf229c676df4885b3897ada4c692) Importer(815301076,1909f56bfc062723c751e8b465ee728b)
Start importing Assets/Tiles/home_station_tilemap_39.asset using Guid(365fcf229c676df4885b3897ada4c692) Importer(815301076,1909f56bfc062723c751e8b465ee728b)  -> (artifact id: 'e6df4de4edb12acdeb679ce09b967cce') in 0.020817 seconds 
========================================================================
Received Import Request.
  Time since last request: 36.414250 seconds.
  path: Assets/HSBassicTiles
  artifactKey: Guid(ce25028391e9b3b45a4acbff0433e43a) Importer(815301076,1909f56bfc062723c751e8b465ee728b)
Start importing Assets/HSBassicTiles using Guid(ce25028391e9b3b45a4acbff0433e43a) Importer(815301076,1909f56bfc062723c751e8b465ee728b)  -> (artifact id: '62fef3c4eafd2f47004e455fbec8636a') in 0.015125 seconds 
========================================================================
Received Import Request.
  Time since last request: 8.712175 seconds.
  path: Assets/Tiles
  artifactKey: Guid(37bb2499295d09c4bb0c0d3f4f025d51) Importer(815301076,1909f56bfc062723c751e8b465ee728b)
Start importing Assets/Tiles using Guid(37bb2499295d09c4bb0c0d3f4f025d51) Importer(815301076,1909f56bfc062723c751e8b465ee728b)  -> (artifact id: '4d09112b46717ff49cd924762959e675') in 0.003643 seconds 
========================================================================
Received Import Request.
  Time since last request: 1447.427313 seconds.
  path: Assets/2D Space Kit/Background Elements/Dust and Nebulae/DustCloud 1.png
  artifactKey: Guid(08ecf4a25d050774aa7035c80c938357) Importer(815301076,1909f56bfc062723c751e8b465ee728b)
Start importing Assets/2D Space Kit/Background Elements/Dust and Nebulae/DustCloud 1.png using Guid(08ecf4a25d050774aa7035c80c938357) Importer(815301076,1909f56bfc062723c751e8b465ee728b)  -> (artifact id: '49532f3575c6b034fc75c1e3dd53c0f1') in 0.298880 seconds 
========================================================================
Received Import Request.
  Time since last request: 0.000045 seconds.
  path: Assets/2D Space Kit/Background Elements/Dust and Nebulae/EM Cloud (3).png
  artifactKey: Guid(615fb1979dae6af4bb31040fe927cdcd) Importer(815301076,1909f56bfc062723c751e8b465ee728b)
Start importing Assets/2D Space Kit/Background Elements/Dust and Nebulae/EM Cloud (3).png using Guid(615fb1979dae6af4bb31040fe927cdcd) Importer(815301076,1909f56bfc062723c751e8b465ee728b)  -> (artifact id: 'f19456e91596c85b6bb37c2e89241313') in 0.049799 seconds 
========================================================================
Received Import Request.
  Time since last request: 0.000036 seconds.
  path: Assets/2D Space Kit/Background Elements/Dust and Nebulae/Nebula 2.png
  artifactKey: Guid(d7cd3cce2fc5c084eb7dab8f4c559963) Importer(815301076,1909f56bfc062723c751e8b465ee728b)
Start importing Assets/2D Space Kit/Background Elements/Dust and Nebulae/Nebula 2.png using Guid(d7cd3cce2fc5c084eb7dab8f4c559963) Importer(815301076,1909f56bfc062723c751e8b465ee728b)  -> (artifact id: '6369edc2d6ffa93dc1c6739cfd84f739') in 0.480086 seconds 
========================================================================
Received Import Request.
  Time since last request: 0.000042 seconds.
  path: Assets/2D Space Kit/Background Elements/Dust and Nebulae/DustWisps 2.png
  artifactKey: Guid(b7dbf9af0c523fa4bb3990d6a75c7485) Importer(815301076,1909f56bfc062723c751e8b465ee728b)
Start importing Assets/2D Space Kit/Background Elements/Dust and Nebulae/DustWisps 2.png using Guid(b7dbf9af0c523fa4bb3990d6a75c7485) Importer(815301076,1909f56bfc062723c751e8b465ee728b)  -> (artifact id: 'e5a6670f110d405abd655060e7cc8c70') in 0.154584 seconds 
========================================================================
Received Import Request.
  Time since last request: 0.000052 seconds.
  path: Assets/2D Space Kit/Background Elements/Dust and Nebulae/DustWisps 1.png
  artifactKey: Guid(59007aecc7d3a6f458aba387ad7a7d29) Importer(815301076,1909f56bfc062723c751e8b465ee728b)
Start importing Assets/2D Space Kit/Background Elements/Dust and Nebulae/DustWisps 1.png using Guid(59007aecc7d3a6f458aba387ad7a7d29) Importer(815301076,1909f56bfc062723c751e8b465ee728b)  -> (artifact id: '0c214333e3926f4b46a2196b6fb9e9e7') in 0.187735 seconds 
========================================================================
Received Import Request.
  Time since last request: 2.023698 seconds.
  path: Assets/2D Space Kit/Background Elements/Dust and Nebulae/Materials
  artifactKey: Guid(e4357c38edc135a46a1506c57dbdd813) Importer(815301076,1909f56bfc062723c751e8b465ee728b)
Start importing Assets/2D Space Kit/Background Elements/Dust and Nebulae/Materials using Guid(e4357c38edc135a46a1506c57dbdd813) Importer(815301076,1909f56bfc062723c751e8b465ee728b)  -> (artifact id: '0addf09e9f7b5f144ffedbef0994e035') in 0.015005 seconds 
========================================================================
Received Import Request.
  Time since last request: 0.718057 seconds.
  path: Assets/2D Space Kit/Background Elements/Dust and Nebulae/Materials/EM Cloud 1.mat
  artifactKey: Guid(9dc256ac41b613744ae6c7b9cb1f805a) Importer(815301076,1909f56bfc062723c751e8b465ee728b)
Start importing Assets/2D Space Kit/Background Elements/Dust and Nebulae/Materials/EM Cloud 1.mat using Guid(9dc256ac41b613744ae6c7b9cb1f805a) Importer(815301076,1909f56bfc062723c751e8b465ee728b)  -> (artifact id: '6686aa9c981ed521ca2c360bafd89a1e') in 0.189208 seconds 
========================================================================
Received Import Request.
  Time since last request: 0.000041 seconds.
  path: Assets/2D Space Kit/Background Elements/Dust and Nebulae/Materials/EM Cloud 3.mat
  artifactKey: Guid(baac992452c1d664b8e8aeb0d5435b02) Importer(815301076,1909f56bfc062723c751e8b465ee728b)
Start importing Assets/2D Space Kit/Background Elements/Dust and Nebulae/Materials/EM Cloud 3.mat using Guid(baac992452c1d664b8e8aeb0d5435b02) Importer(815301076,1909f56bfc062723c751e8b465ee728b)  -> (artifact id: 'afa57532eaecc4ccb64ad0cae02511d2') in 0.029199 seconds 
========================================================================
Received Import Request.
  Time since last request: 11.027747 seconds.
  path: Assets/2D Space Kit/Backgrounds/1.png
  artifactKey: Guid(89bca327dbe7e6540bb158ab20a8bcc3) Importer(815301076,1909f56bfc062723c751e8b465ee728b)
Start importing Assets/2D Space Kit/Backgrounds/1.png using Guid(89bca327dbe7e6540bb158ab20a8bcc3) Importer(815301076,1909f56bfc062723c751e8b465ee728b)  -> (artifact id: '9274013ee8971bc7d1bcf36e9c14fc58') in 2.011604 seconds 
========================================================================
Received Import Request.
  Time since last request: 0.000040 seconds.
  path: Assets/2D Space Kit/Backgrounds/6.png
  artifactKey: Guid(95098202e088b6d48b2ce02978c8713b) Importer(815301076,1909f56bfc062723c751e8b465ee728b)
Start importing Assets/2D Space Kit/Backgrounds/6.png using Guid(95098202e088b6d48b2ce02978c8713b) Importer(815301076,1909f56bfc062723c751e8b465ee728b)  -> (artifact id: '76c5b0eaa8763edbe0e5735c97767660') in 1.621792 seconds 
========================================================================
Received Import Request.
  Time since last request: 0.000042 seconds.
  path: Assets/2D Space Kit/Backgrounds/4.png
  artifactKey: Guid(048e3f61b6de007439b544ab7ccff3c3) Importer(815301076,1909f56bfc062723c751e8b465ee728b)
Start importing Assets/2D Space Kit/Backgrounds/4.png using Guid(048e3f61b6de007439b544ab7ccff3c3) Importer(815301076,1909f56bfc062723c751e8b465ee728b)  -> (artifact id: '91c9daa63e370e5acbe61965e92daa8f') in 2.237067 seconds 
========================================================================
Received Import Request.
  Time since last request: 0.000045 seconds.
  path: Assets/2D Space Kit/Backgrounds/3.png
  artifactKey: Guid(9470fc80c20ec0d4ebd646f84d5419c9) Importer(815301076,1909f56bfc062723c751e8b465ee728b)
Start importing Assets/2D Space Kit/Backgrounds/3.png using Guid(9470fc80c20ec0d4ebd646f84d5419c9) Importer(815301076,1909f56bfc062723c751e8b465ee728b)  -> (artifact id: '9769c13c86d72886bbd0d64c2b2f4c29') in 1.941337 seconds 
========================================================================
Received Import Request.
  Time since last request: 809.983638 seconds.
  path: Assets/Sprites/PlayerSpriteMale.png
  artifactKey: Guid(7aa23289cfaf18242a1b6bf12bb08973) Importer(815301076,1909f56bfc062723c751e8b465ee728b)
Start importing Assets/Sprites/PlayerSpriteMale.png using Guid(7aa23289cfaf18242a1b6bf12bb08973) Importer(815301076,1909f56bfc062723c751e8b465ee728b)  -> (artifact id: '4f8a5ef7e399a8f4985070299fcad261') in 0.017060 seconds 
========================================================================
Received Import Request.
  Time since last request: 100.540533 seconds.
  path: Assets/Sprites/PlayerSpriteMale.png
  artifactKey: Guid(7aa23289cfaf18242a1b6bf12bb08973) Importer(815301076,1909f56bfc062723c751e8b465ee728b)
Start importing Assets/Sprites/PlayerSpriteMale.png using Guid(7aa23289cfaf18242a1b6bf12bb08973) Importer(815301076,1909f56bfc062723c751e8b465ee728b)  -> (artifact id: 'c67d8e86575ba1f6afce35ffcac401ee') in 0.027764 seconds 
========================================================================
Received Import Request.
  Time since last request: 10.451341 seconds.
  path: Assets/Sprites/PlayerSpriteMale.png
  artifactKey: Guid(7aa23289cfaf18242a1b6bf12bb08973) Importer(815301076,1909f56bfc062723c751e8b465ee728b)
Start importing Assets/Sprites/PlayerSpriteMale.png using Guid(7aa23289cfaf18242a1b6bf12bb08973) Importer(815301076,1909f56bfc062723c751e8b465ee728b)  -> (artifact id: '302d6ea7959af8c2d47948fdd7f1cb31') in 0.011760 seconds 
========================================================================
Received Import Request.
  Time since last request: 10.089659 seconds.
  path: Assets/Sprites/PlayerSpriteMale.png
  artifactKey: Guid(7aa23289cfaf18242a1b6bf12bb08973) Importer(815301076,1909f56bfc062723c751e8b465ee728b)
Start importing Assets/Sprites/PlayerSpriteMale.png using Guid(7aa23289cfaf18242a1b6bf12bb08973) Importer(815301076,1909f56bfc062723c751e8b465ee728b)  -> (artifact id: '023c58e13b7e10fe3679f3d01617afc7') in 0.012084 seconds 
========================================================================
Received Prepare
Registering precompiled user dll's ...
Registered in 0.024081 seconds.
Begin MonoManager ReloadAssembly
Symbol file LoadedFromMemory doesn't match image C:\Users\34992\Unity_Projects\SpaceGame-RPG\SpaceGame\Library\PackageCache\com.unity.visualscripting@1.8.0\Editor\VisualScripting.Core\Dependencies\YamlDotNet\Unity.VisualScripting.YamlDotNet.dll
Symbol file LoadedFromMemory doesn't match image C:\Users\34992\Unity_Projects\SpaceGame-RPG\SpaceGame\Library\PackageCache\com.unity.visualscripting@1.8.0\Editor\VisualScripting.Core\Dependencies\DotNetZip\Unity.VisualScripting.IonicZip.dll
Native extension for WindowsStandalone target not found
Native extension for WebGL target not found
Refreshing native plugins compatible for Editor in 1.98 ms, found 4 plugins.
Preloading 0 native plugins for Editor in 0.00 ms.
Mono: successfully reloaded assembly
- Completed reload, in  2.190 seconds
Domain Reload Profiling:
	ReloadAssembly (2192ms)
		BeginReloadAssembly (393ms)
			ExecutionOrderSort (0ms)
			DisableScriptedObjects (20ms)
			BackupInstance (0ms)
			ReleaseScriptingObjects (0ms)
			CreateAndSetChildDomain (161ms)
		EndReloadAssembly (1615ms)
			LoadAssemblies (214ms)
			RebuildTransferFunctionScriptingTraits (0ms)
			SetupTypeCache (496ms)
			ReleaseScriptCaches (3ms)
			RebuildScriptCaches (87ms)
			SetupLoadedEditorAssemblies (782ms)
				LogAssemblyErrors (0ms)
				InitializePlatformSupportModulesInManaged (14ms)
				SetLoadedEditorAssemblies (1ms)
				RefreshPlugins (2ms)
				BeforeProcessingInitializeOnLoad (168ms)
				ProcessInitializeOnLoadAttributes (424ms)
				ProcessInitializeOnLoadMethodAttributes (155ms)
				AfterProcessingInitializeOnLoad (16ms)
				EditorAssembliesLoaded (1ms)
			ExecutionOrderSort2 (0ms)
			AwakeInstancesAfterBackupRestoration (12ms)
Platform modules already initialized, skipping
Refreshing native plugins compatible for Editor in 8.52 ms, found 4 plugins.
Preloading 0 native plugins for Editor in 0.00 ms.
Unloading 5141 Unused Serialized files (Serialized files now loaded: 0)
Unloading 42 unused Assets / (1.2 MB). Loaded Objects now: 5714.
Memory consumption went from 200.0 MB to 198.8 MB.
Total: 7.535100 ms (FindLiveObjects: 0.541100 ms CreateObjectMapping: 0.676000 ms MarkObjects: 5.493800 ms  DeleteObjects: 0.822400 ms)

AssetImportParameters requested are different than current active one (requested -> active):
  custom:video-decoder-ogg-theora: a1e56fd34408186e4bbccfd4996cb3dc -> 
  custom:container-muxer-webm: aa71ff27fc2769a1b78a27578f13a17b -> 
  custom:container-demuxer-webm: 4f35f7cbe854078d1ac9338744f61a02 -> 
  custom:video-encoder-webm-vp8: eb34c28f22e8b96e1ab97ce403110664 -> 
  custom:audio-encoder-webm-vorbis: bf7c407c2cedff20999df2af8eb42d56 -> 
  custom:framework-win-MediaFoundation: 216162199b28c13a410421893ffa2e32 -> 
  custom:container-demuxer-ogg: 62fdf1f143b41e24485cea50d1cbac27 -> 
  custom:video-decoder-webm-vp8: 9c59270c3fd7afecdb556c50c9e8de78 -> 
  custom:audio-decoder-ogg-vorbis: bf7c407c2cedff20999df2af8eb42d56 -> 
========================================================================
Received Prepare
Registering precompiled user dll's ...
Registered in 0.026245 seconds.
Begin MonoManager ReloadAssembly
Symbol file LoadedFromMemory doesn't match image C:\Users\34992\Unity_Projects\SpaceGame-RPG\SpaceGame\Library\PackageCache\com.unity.visualscripting@1.8.0\Editor\VisualScripting.Core\Dependencies\YamlDotNet\Unity.VisualScripting.YamlDotNet.dll
Symbol file LoadedFromMemory doesn't match image C:\Users\34992\Unity_Projects\SpaceGame-RPG\SpaceGame\Library\PackageCache\com.unity.visualscripting@1.8.0\Editor\VisualScripting.Core\Dependencies\DotNetZip\Unity.VisualScripting.IonicZip.dll
Native extension for WindowsStandalone target not found
Native extension for WebGL target not found
Refreshing native plugins compatible for Editor in 1.48 ms, found 4 plugins.
Preloading 0 native plugins for Editor in 0.00 ms.
Mono: successfully reloaded assembly
- Completed reload, in  2.060 seconds
Domain Reload Profiling:
	ReloadAssembly (2062ms)
		BeginReloadAssembly (268ms)
			ExecutionOrderSort (0ms)
			DisableScriptedObjects (12ms)
			BackupInstance (0ms)
			ReleaseScriptingObjects (0ms)
			CreateAndSetChildDomain (65ms)
		EndReloadAssembly (1600ms)
			LoadAssemblies (206ms)
			RebuildTransferFunctionScriptingTraits (0ms)
			SetupTypeCache (506ms)
			ReleaseScriptCaches (4ms)
			RebuildScriptCaches (95ms)
			SetupLoadedEditorAssemblies (747ms)
				LogAssemblyErrors (0ms)
				InitializePlatformSupportModulesInManaged (10ms)
				SetLoadedEditorAssemblies (1ms)
				RefreshPlugins (2ms)
				BeforeProcessingInitializeOnLoad (154ms)
				ProcessInitializeOnLoadAttributes (415ms)
				ProcessInitializeOnLoadMethodAttributes (146ms)
				AfterProcessingInitializeOnLoad (20ms)
				EditorAssembliesLoaded (0ms)
			ExecutionOrderSort2 (0ms)
			AwakeInstancesAfterBackupRestoration (14ms)
Platform modules already initialized, skipping
Refreshing native plugins compatible for Editor in 9.48 ms, found 4 plugins.
Preloading 0 native plugins for Editor in 0.00 ms.
Unloading 5141 Unused Serialized files (Serialized files now loaded: 0)
Unloading 42 unused Assets / (1.2 MB). Loaded Objects now: 5717.
Memory consumption went from 200.0 MB to 198.8 MB.
Total: 6.733300 ms (FindLiveObjects: 0.534300 ms CreateObjectMapping: 0.769200 ms MarkObjects: 4.494100 ms  DeleteObjects: 0.934200 ms)

AssetImportParameters requested are different than current active one (requested -> active):
  custom:video-decoder-ogg-theora: a1e56fd34408186e4bbccfd4996cb3dc -> 
  custom:container-muxer-webm: aa71ff27fc2769a1b78a27578f13a17b -> 
  custom:container-demuxer-webm: 4f35f7cbe854078d1ac9338744f61a02 -> 
  custom:video-encoder-webm-vp8: eb34c28f22e8b96e1ab97ce403110664 -> 
  custom:audio-encoder-webm-vorbis: bf7c407c2cedff20999df2af8eb42d56 -> 
  custom:framework-win-MediaFoundation: 216162199b28c13a410421893ffa2e32 -> 
  custom:container-demuxer-ogg: 62fdf1f143b41e24485cea50d1cbac27 -> 
  custom:video-decoder-webm-vp8: 9c59270c3fd7afecdb556c50c9e8de78 -> 
  custom:audio-decoder-ogg-vorbis: bf7c407c2cedff20999df2af8eb42d56 -> 
========================================================================
Received Prepare
Registering precompiled user dll's ...
Registered in 0.019527 seconds.
Begin MonoManager ReloadAssembly
Symbol file LoadedFromMemory doesn't match image C:\Users\34992\Unity_Projects\SpaceGame-RPG\SpaceGame\Library\PackageCache\com.unity.visualscripting@1.8.0\Editor\VisualScripting.Core\Dependencies\YamlDotNet\Unity.VisualScripting.YamlDotNet.dll
Symbol file LoadedFromMemory doesn't match image C:\Users\34992\Unity_Projects\SpaceGame-RPG\SpaceGame\Library\PackageCache\com.unity.visualscripting@1.8.0\Editor\VisualScripting.Core\Dependencies\DotNetZip\Unity.VisualScripting.IonicZip.dll
Native extension for WindowsStandalone target not found
Native extension for WebGL target not found
Refreshing native plugins compatible for Editor in 1.03 ms, found 4 plugins.
Preloading 0 native plugins for Editor in 0.00 ms.
Mono: successfully reloaded assembly
- Completed reload, in  1.898 seconds
Domain Reload Profiling:
	ReloadAssembly (1899ms)
		BeginReloadAssembly (250ms)
			ExecutionOrderSort (0ms)
			DisableScriptedObjects (10ms)
			BackupInstance (0ms)
			ReleaseScriptingObjects (0ms)
			CreateAndSetChildDomain (58ms)
		EndReloadAssembly (1477ms)
			LoadAssemblies (198ms)
			RebuildTransferFunctionScriptingTraits (0ms)
			SetupTypeCache (438ms)
			ReleaseScriptCaches (3ms)
			RebuildScriptCaches (75ms)
			SetupLoadedEditorAssemblies (721ms)
				LogAssemblyErrors (0ms)
				InitializePlatformSupportModulesInManaged (15ms)
				SetLoadedEditorAssemblies (1ms)
				RefreshPlugins (1ms)
				BeforeProcessingInitializeOnLoad (166ms)
				ProcessInitializeOnLoadAttributes (381ms)
				ProcessInitializeOnLoadMethodAttributes (141ms)
				AfterProcessingInitializeOnLoad (15ms)
				EditorAssembliesLoaded (0ms)
			ExecutionOrderSort2 (0ms)
			AwakeInstancesAfterBackupRestoration (12ms)
Platform modules already initialized, skipping
Refreshing native plugins compatible for Editor in 5.75 ms, found 4 plugins.
Preloading 0 native plugins for Editor in 0.00 ms.
Unloading 5142 Unused Serialized files (Serialized files now loaded: 0)
Unloading 42 unused Assets / (1.2 MB). Loaded Objects now: 5721.
Memory consumption went from 200.0 MB to 198.8 MB.
Total: 8.856700 ms (FindLiveObjects: 0.515700 ms CreateObjectMapping: 0.637200 ms MarkObjects: 7.005600 ms  DeleteObjects: 0.696400 ms)

AssetImportParameters requested are different than current active one (requested -> active):
  custom:video-decoder-ogg-theora: a1e56fd34408186e4bbccfd4996cb3dc -> 
  custom:container-muxer-webm: aa71ff27fc2769a1b78a27578f13a17b -> 
  custom:container-demuxer-webm: 4f35f7cbe854078d1ac9338744f61a02 -> 
  custom:video-encoder-webm-vp8: eb34c28f22e8b96e1ab97ce403110664 -> 
  custom:audio-encoder-webm-vorbis: bf7c407c2cedff20999df2af8eb42d56 -> 
  custom:framework-win-MediaFoundation: 216162199b28c13a410421893ffa2e32 -> 
  custom:container-demuxer-ogg: 62fdf1f143b41e24485cea50d1cbac27 -> 
  custom:video-decoder-webm-vp8: 9c59270c3fd7afecdb556c50c9e8de78 -> 
  custom:audio-decoder-ogg-vorbis: bf7c407c2cedff20999df2af8eb42d56 -> 
========================================================================
Received Prepare
Registering precompiled user dll's ...
Registered in 0.027510 seconds.
Begin MonoManager ReloadAssembly
Symbol file LoadedFromMemory doesn't match image C:\Users\34992\Unity_Projects\SpaceGame-RPG\SpaceGame\Library\PackageCache\com.unity.visualscripting@1.8.0\Editor\VisualScripting.Core\Dependencies\YamlDotNet\Unity.VisualScripting.YamlDotNet.dll
Symbol file LoadedFromMemory doesn't match image C:\Users\34992\Unity_Projects\SpaceGame-RPG\SpaceGame\Library\PackageCache\com.unity.visualscripting@1.8.0\Editor\VisualScripting.Core\Dependencies\DotNetZip\Unity.VisualScripting.IonicZip.dll
Native extension for WindowsStandalone target not found
Native extension for WebGL target not found
Refreshing native plugins compatible for Editor in 1.34 ms, found 4 plugins.
Preloading 0 native plugins for Editor in 0.00 ms.
Mono: successfully reloaded assembly
- Completed reload, in  2.185 seconds
Domain Reload Profiling:
	ReloadAssembly (2186ms)
		BeginReloadAssembly (270ms)
			ExecutionOrderSort (0ms)
			DisableScriptedObjects (11ms)
			BackupInstance (0ms)
			ReleaseScriptingObjects (0ms)
			CreateAndSetChildDomain (63ms)
		EndReloadAssembly (1735ms)
			LoadAssemblies (209ms)
			RebuildTransferFunctionScriptingTraits (0ms)
			SetupTypeCache (432ms)
			ReleaseScriptCaches (3ms)
			RebuildScriptCaches (88ms)
			SetupLoadedEditorAssemblies (961ms)
				LogAssemblyErrors (0ms)
				InitializePlatformSupportModulesInManaged (13ms)
				SetLoadedEditorAssemblies (1ms)
				RefreshPlugins (1ms)
				BeforeProcessingInitializeOnLoad (205ms)
				ProcessInitializeOnLoadAttributes (507ms)
				ProcessInitializeOnLoadMethodAttributes (201ms)
				AfterProcessingInitializeOnLoad (32ms)
				EditorAssembliesLoaded (0ms)
			ExecutionOrderSort2 (0ms)
			AwakeInstancesAfterBackupRestoration (25ms)
Platform modules already initialized, skipping
Refreshing native plugins compatible for Editor in 4.57 ms, found 4 plugins.
Preloading 0 native plugins for Editor in 0.00 ms.
Unloading 5142 Unused Serialized files (Serialized files now loaded: 0)
Unloading 42 unused Assets / (1.2 MB). Loaded Objects now: 5724.
Memory consumption went from 200.1 MB to 198.9 MB.
Total: 6.124100 ms (FindLiveObjects: 0.526900 ms CreateObjectMapping: 0.730100 ms MarkObjects: 4.138500 ms  DeleteObjects: 0.727400 ms)

AssetImportParameters requested are different than current active one (requested -> active):
  custom:video-decoder-ogg-theora: a1e56fd34408186e4bbccfd4996cb3dc -> 
  custom:container-muxer-webm: aa71ff27fc2769a1b78a27578f13a17b -> 
  custom:container-demuxer-webm: 4f35f7cbe854078d1ac9338744f61a02 -> 
  custom:video-encoder-webm-vp8: eb34c28f22e8b96e1ab97ce403110664 -> 
  custom:audio-encoder-webm-vorbis: bf7c407c2cedff20999df2af8eb42d56 -> 
  custom:framework-win-MediaFoundation: 216162199b28c13a410421893ffa2e32 -> 
  custom:container-demuxer-ogg: 62fdf1f143b41e24485cea50d1cbac27 -> 
  custom:video-decoder-webm-vp8: 9c59270c3fd7afecdb556c50c9e8de78 -> 
  custom:audio-decoder-ogg-vorbis: bf7c407c2cedff20999df2af8eb42d56 -> 
========================================================================
Received Prepare
Registering precompiled user dll's ...
Registered in 0.016183 seconds.
Begin MonoManager ReloadAssembly
Symbol file LoadedFromMemory doesn't match image C:\Users\34992\Unity_Projects\SpaceGame-RPG\SpaceGame\Library\PackageCache\com.unity.visualscripting@1.8.0\Editor\VisualScripting.Core\Dependencies\YamlDotNet\Unity.VisualScripting.YamlDotNet.dll
Symbol file LoadedFromMemory doesn't match image C:\Users\34992\Unity_Projects\SpaceGame-RPG\SpaceGame\Library\PackageCache\com.unity.visualscripting@1.8.0\Editor\VisualScripting.Core\Dependencies\DotNetZip\Unity.VisualScripting.IonicZip.dll
Native extension for WindowsStandalone target not found
Native extension for WebGL target not found
Refreshing native plugins compatible for Editor in 1.26 ms, found 4 plugins.
Preloading 0 native plugins for Editor in 0.00 ms.
Mono: successfully reloaded assembly
- Completed reload, in  2.007 seconds
Domain Reload Profiling:
	ReloadAssembly (2008ms)
		BeginReloadAssembly (268ms)
			ExecutionOrderSort (0ms)
			DisableScriptedObjects (15ms)
			BackupInstance (0ms)
			ReleaseScriptingObjects (0ms)
			CreateAndSetChildDomain (59ms)
		EndReloadAssembly (1562ms)
			LoadAssemblies (210ms)
			RebuildTransferFunctionScriptingTraits (0ms)
			SetupTypeCache (446ms)
			ReleaseScriptCaches (3ms)
			RebuildScriptCaches (87ms)
			SetupLoadedEditorAssemblies (789ms)
				LogAssemblyErrors (0ms)
				InitializePlatformSupportModulesInManaged (13ms)
				SetLoadedEditorAssemblies (1ms)
				RefreshPlugins (1ms)
				BeforeProcessingInitializeOnLoad (170ms)
				ProcessInitializeOnLoadAttributes (429ms)
				ProcessInitializeOnLoadMethodAttributes (156ms)
				AfterProcessingInitializeOnLoad (18ms)
				EditorAssembliesLoaded (0ms)
			ExecutionOrderSort2 (0ms)
			AwakeInstancesAfterBackupRestoration (8ms)
Platform modules already initialized, skipping
Refreshing native plugins compatible for Editor in 5.63 ms, found 4 plugins.
Preloading 0 native plugins for Editor in 0.00 ms.
Unloading 5142 Unused Serialized files (Serialized files now loaded: 0)
Unloading 42 unused Assets / (1.2 MB). Loaded Objects now: 5727.
Memory consumption went from 200.1 MB to 198.9 MB.
Total: 7.127000 ms (FindLiveObjects: 0.458100 ms CreateObjectMapping: 0.605200 ms MarkObjects: 4.676900 ms  DeleteObjects: 1.385200 ms)

AssetImportParameters requested are different than current active one (requested -> active):
  custom:video-decoder-ogg-theora: a1e56fd34408186e4bbccfd4996cb3dc -> 
  custom:container-muxer-webm: aa71ff27fc2769a1b78a27578f13a17b -> 
  custom:container-demuxer-webm: 4f35f7cbe854078d1ac9338744f61a02 -> 
  custom:video-encoder-webm-vp8: eb34c28f22e8b96e1ab97ce403110664 -> 
  custom:audio-encoder-webm-vorbis: bf7c407c2cedff20999df2af8eb42d56 -> 
  custom:framework-win-MediaFoundation: 216162199b28c13a410421893ffa2e32 -> 
  custom:container-demuxer-ogg: 62fdf1f143b41e24485cea50d1cbac27 -> 
  custom:video-decoder-webm-vp8: 9c59270c3fd7afecdb556c50c9e8de78 -> 
  custom:audio-decoder-ogg-vorbis: bf7c407c2cedff20999df2af8eb42d56 -> 
========================================================================
Received Prepare
Registering precompiled user dll's ...
Registered in 0.014929 seconds.
Begin MonoManager ReloadAssembly
Symbol file LoadedFromMemory doesn't match image C:\Users\34992\Unity_Projects\SpaceGame-RPG\SpaceGame\Library\PackageCache\com.unity.visualscripting@1.8.0\Editor\VisualScripting.Core\Dependencies\YamlDotNet\Unity.VisualScripting.YamlDotNet.dll
Symbol file LoadedFromMemory doesn't match image C:\Users\34992\Unity_Projects\SpaceGame-RPG\SpaceGame\Library\PackageCache\com.unity.visualscripting@1.8.0\Editor\VisualScripting.Core\Dependencies\DotNetZip\Unity.VisualScripting.IonicZip.dll
Native extension for WindowsStandalone target not found
Native extension for WebGL target not found
Refreshing native plugins compatible for Editor in 0.99 ms, found 4 plugins.
Preloading 0 native plugins for Editor in 0.00 ms.
Mono: successfully reloaded assembly
- Completed reload, in  1.949 seconds
Domain Reload Profiling:
	ReloadAssembly (1951ms)
		BeginReloadAssembly (245ms)
			ExecutionOrderSort (0ms)
			DisableScriptedObjects (12ms)
			BackupInstance (0ms)
			ReleaseScriptingObjects (0ms)
			CreateAndSetChildDomain (58ms)
		EndReloadAssembly (1508ms)
			LoadAssemblies (195ms)
			RebuildTransferFunctionScriptingTraits (0ms)
			SetupTypeCache (433ms)
			ReleaseScriptCaches (3ms)
			RebuildScriptCaches (85ms)
			SetupLoadedEditorAssemblies (743ms)
				LogAssemblyErrors (0ms)
				InitializePlatformSupportModulesInManaged (15ms)
				SetLoadedEditorAssemblies (1ms)
				RefreshPlugins (1ms)
				BeforeProcessingInitializeOnLoad (161ms)
				ProcessInitializeOnLoadAttributes (396ms)
				ProcessInitializeOnLoadMethodAttributes (153ms)
				AfterProcessingInitializeOnLoad (15ms)
				EditorAssembliesLoaded (0ms)
			ExecutionOrderSort2 (0ms)
			AwakeInstancesAfterBackupRestoration (14ms)
Platform modules already initialized, skipping
Refreshing native plugins compatible for Editor in 5.35 ms, found 4 plugins.
Preloading 0 native plugins for Editor in 0.00 ms.
Unloading 5142 Unused Serialized files (Serialized files now loaded: 0)
Unloading 42 unused Assets / (1.2 MB). Loaded Objects now: 5730.
Memory consumption went from 200.1 MB to 198.9 MB.
Total: 8.131000 ms (FindLiveObjects: 0.723900 ms CreateObjectMapping: 1.249700 ms MarkObjects: 5.353000 ms  DeleteObjects: 0.802500 ms)

AssetImportParameters requested are different than current active one (requested -> active):
  custom:video-decoder-ogg-theora: a1e56fd34408186e4bbccfd4996cb3dc -> 
  custom:container-muxer-webm: aa71ff27fc2769a1b78a27578f13a17b -> 
  custom:container-demuxer-webm: 4f35f7cbe854078d1ac9338744f61a02 -> 
  custom:video-encoder-webm-vp8: eb34c28f22e8b96e1ab97ce403110664 -> 
  custom:audio-encoder-webm-vorbis: bf7c407c2cedff20999df2af8eb42d56 -> 
  custom:framework-win-MediaFoundation: 216162199b28c13a410421893ffa2e32 -> 
  custom:container-demuxer-ogg: 62fdf1f143b41e24485cea50d1cbac27 -> 
  custom:video-decoder-webm-vp8: 9c59270c3fd7afecdb556c50c9e8de78 -> 
  custom:audio-decoder-ogg-vorbis: bf7c407c2cedff20999df2af8eb42d56 -> 
========================================================================
Received Prepare
Registering precompiled user dll's ...
Registered in 0.020420 seconds.
Begin MonoManager ReloadAssembly
Symbol file LoadedFromMemory doesn't match image C:\Users\34992\Unity_Projects\SpaceGame-RPG\SpaceGame\Library\PackageCache\com.unity.visualscripting@1.8.0\Editor\VisualScripting.Core\Dependencies\YamlDotNet\Unity.VisualScripting.YamlDotNet.dll
Symbol file LoadedFromMemory doesn't match image C:\Users\34992\Unity_Projects\SpaceGame-RPG\SpaceGame\Library\PackageCache\com.unity.visualscripting@1.8.0\Editor\VisualScripting.Core\Dependencies\DotNetZip\Unity.VisualScripting.IonicZip.dll
Native extension for WindowsStandalone target not found
Native extension for WebGL target not found
Refreshing native plugins compatible for Editor in 1.25 ms, found 4 plugins.
Preloading 0 native plugins for Editor in 0.00 ms.
Mono: successfully reloaded assembly
- Completed reload, in  1.885 seconds
Domain Reload Profiling:
	ReloadAssembly (1886ms)
		BeginReloadAssembly (263ms)
			ExecutionOrderSort (0ms)
			DisableScriptedObjects (14ms)
			BackupInstance (0ms)
			ReleaseScriptingObjects (0ms)
			CreateAndSetChildDomain (63ms)
		EndReloadAssembly (1453ms)
			LoadAssemblies (209ms)
			RebuildTransferFunctionScriptingTraits (0ms)
			SetupTypeCache (429ms)
			ReleaseScriptCaches (3ms)
			RebuildScriptCaches (81ms)
			SetupLoadedEditorAssemblies (707ms)
				LogAssemblyErrors (0ms)
				InitializePlatformSupportModulesInManaged (13ms)
				SetLoadedEditorAssemblies (1ms)
				RefreshPlugins (1ms)
				BeforeProcessingInitializeOnLoad (162ms)
				ProcessInitializeOnLoadAttributes (373ms)
				ProcessInitializeOnLoadMethodAttributes (139ms)
				AfterProcessingInitializeOnLoad (17ms)
				EditorAssembliesLoaded (0ms)
			ExecutionOrderSort2 (0ms)
			AwakeInstancesAfterBackupRestoration (15ms)
Platform modules already initialized, skipping
Refreshing native plugins compatible for Editor in 6.02 ms, found 4 plugins.
Preloading 0 native plugins for Editor in 0.00 ms.
Unloading 5142 Unused Serialized files (Serialized files now loaded: 0)
Unloading 42 unused Assets / (1.2 MB). Loaded Objects now: 5733.
Memory consumption went from 200.1 MB to 198.9 MB.
Total: 8.416100 ms (FindLiveObjects: 0.549000 ms CreateObjectMapping: 1.195300 ms MarkObjects: 5.210000 ms  DeleteObjects: 1.459900 ms)

AssetImportParameters requested are different than current active one (requested -> active):
  custom:video-decoder-ogg-theora: a1e56fd34408186e4bbccfd4996cb3dc -> 
  custom:container-muxer-webm: aa71ff27fc2769a1b78a27578f13a17b -> 
  custom:container-demuxer-webm: 4f35f7cbe854078d1ac9338744f61a02 -> 
  custom:video-encoder-webm-vp8: eb34c28f22e8b96e1ab97ce403110664 -> 
  custom:audio-encoder-webm-vorbis: bf7c407c2cedff20999df2af8eb42d56 -> 
  custom:framework-win-MediaFoundation: 216162199b28c13a410421893ffa2e32 -> 
  custom:container-demuxer-ogg: 62fdf1f143b41e24485cea50d1cbac27 -> 
  custom:video-decoder-webm-vp8: 9c59270c3fd7afecdb556c50c9e8de78 -> 
  custom:audio-decoder-ogg-vorbis: bf7c407c2cedff20999df2af8eb42d56 -> 
========================================================================
Received Prepare
Registering precompiled user dll's ...
Registered in 0.012272 seconds.
Begin MonoManager ReloadAssembly
Symbol file LoadedFromMemory doesn't match image C:\Users\34992\Unity_Projects\SpaceGame-RPG\SpaceGame\Library\PackageCache\com.unity.visualscripting@1.8.0\Editor\VisualScripting.Core\Dependencies\YamlDotNet\Unity.VisualScripting.YamlDotNet.dll
Symbol file LoadedFromMemory doesn't match image C:\Users\34992\Unity_Projects\SpaceGame-RPG\SpaceGame\Library\PackageCache\com.unity.visualscripting@1.8.0\Editor\VisualScripting.Core\Dependencies\DotNetZip\Unity.VisualScripting.IonicZip.dll
Native extension for WindowsStandalone target not found
Native extension for WebGL target not found
Refreshing native plugins compatible for Editor in 1.31 ms, found 4 plugins.
Preloading 0 native plugins for Editor in 0.00 ms.
Mono: successfully reloaded assembly
- Completed reload, in  1.996 seconds
Domain Reload Profiling:
	ReloadAssembly (1999ms)
		BeginReloadAssembly (303ms)
			ExecutionOrderSort (0ms)
			DisableScriptedObjects (12ms)
			BackupInstance (0ms)
			ReleaseScriptingObjects (0ms)
			CreateAndSetChildDomain (72ms)
		EndReloadAssembly (1488ms)
			LoadAssemblies (247ms)
			RebuildTransferFunctionScriptingTraits (0ms)
			SetupTypeCache (476ms)
			ReleaseScriptCaches (3ms)
			RebuildScriptCaches (84ms)
			SetupLoadedEditorAssemblies (686ms)
				LogAssemblyErrors (0ms)
				InitializePlatformSupportModulesInManaged (13ms)
				SetLoadedEditorAssemblies (1ms)
				RefreshPlugins (1ms)
				BeforeProcessingInitializeOnLoad (159ms)
				ProcessInitializeOnLoadAttributes (349ms)
				ProcessInitializeOnLoadMethodAttributes (143ms)
				AfterProcessingInitializeOnLoad (20ms)
				EditorAssembliesLoaded (0ms)
			ExecutionOrderSort2 (0ms)
			AwakeInstancesAfterBackupRestoration (12ms)
Platform modules already initialized, skipping
Refreshing native plugins compatible for Editor in 6.21 ms, found 4 plugins.
Preloading 0 native plugins for Editor in 0.00 ms.
Unloading 5142 Unused Serialized files (Serialized files now loaded: 0)
Unloading 42 unused Assets / (1.2 MB). Loaded Objects now: 5736.
Memory consumption went from 200.1 MB to 198.9 MB.
Total: 7.010100 ms (FindLiveObjects: 0.498200 ms CreateObjectMapping: 0.649200 ms MarkObjects: 4.889500 ms  DeleteObjects: 0.971200 ms)

AssetImportParameters requested are different than current active one (requested -> active):
  custom:video-decoder-ogg-theora: a1e56fd34408186e4bbccfd4996cb3dc -> 
  custom:container-muxer-webm: aa71ff27fc2769a1b78a27578f13a17b -> 
  custom:container-demuxer-webm: 4f35f7cbe854078d1ac9338744f61a02 -> 
  custom:video-encoder-webm-vp8: eb34c28f22e8b96e1ab97ce403110664 -> 
  custom:audio-encoder-webm-vorbis: bf7c407c2cedff20999df2af8eb42d56 -> 
  custom:framework-win-MediaFoundation: 216162199b28c13a410421893ffa2e32 -> 
  custom:container-demuxer-ogg: 62fdf1f143b41e24485cea50d1cbac27 -> 
  custom:video-decoder-webm-vp8: 9c59270c3fd7afecdb556c50c9e8de78 -> 
  custom:audio-decoder-ogg-vorbis: bf7c407c2cedff20999df2af8eb42d56 -> 
========================================================================
Received Prepare
Registering precompiled user dll's ...
Registered in 0.022017 seconds.
Begin MonoManager ReloadAssembly
Symbol file LoadedFromMemory doesn't match image C:\Users\34992\Unity_Projects\SpaceGame-RPG\SpaceGame\Library\PackageCache\com.unity.visualscripting@1.8.0\Editor\VisualScripting.Core\Dependencies\YamlDotNet\Unity.VisualScripting.YamlDotNet.dll
Symbol file LoadedFromMemory doesn't match image C:\Users\34992\Unity_Projects\SpaceGame-RPG\SpaceGame\Library\PackageCache\com.unity.visualscripting@1.8.0\Editor\VisualScripting.Core\Dependencies\DotNetZip\Unity.VisualScripting.IonicZip.dll
Native extension for WindowsStandalone target not found
Native extension for WebGL target not found
Refreshing native plugins compatible for Editor in 1.17 ms, found 4 plugins.
Preloading 0 native plugins for Editor in 0.00 ms.
Mono: successfully reloaded assembly
- Completed reload, in  1.823 seconds
Domain Reload Profiling:
	ReloadAssembly (1824ms)
		BeginReloadAssembly (244ms)
			ExecutionOrderSort (0ms)
			DisableScriptedObjects (12ms)
			BackupInstance (0ms)
			ReleaseScriptingObjects (0ms)
			CreateAndSetChildDomain (53ms)
		EndReloadAssembly (1412ms)
			LoadAssemblies (199ms)
			RebuildTransferFunctionScriptingTraits (0ms)
			SetupTypeCache (404ms)
			ReleaseScriptCaches (4ms)
			RebuildScriptCaches (83ms)
			SetupLoadedEditorAssemblies (697ms)
				LogAssemblyErrors (0ms)
				InitializePlatformSupportModulesInManaged (12ms)
				SetLoadedEditorAssemblies (1ms)
				RefreshPlugins (1ms)
				BeforeProcessingInitializeOnLoad (155ms)
				ProcessInitializeOnLoadAttributes (375ms)
				ProcessInitializeOnLoadMethodAttributes (136ms)
				AfterProcessingInitializeOnLoad (16ms)
				EditorAssembliesLoaded (0ms)
			ExecutionOrderSort2 (0ms)
			AwakeInstancesAfterBackupRestoration (12ms)
Platform modules already initialized, skipping
Refreshing native plugins compatible for Editor in 5.91 ms, found 4 plugins.
Preloading 0 native plugins for Editor in 0.00 ms.
Unloading 5142 Unused Serialized files (Serialized files now loaded: 0)
Unloading 42 unused Assets / (1.2 MB). Loaded Objects now: 5739.
Memory consumption went from 200.2 MB to 198.9 MB.
Total: 9.007600 ms (FindLiveObjects: 0.503700 ms CreateObjectMapping: 0.402800 ms MarkObjects: 7.127500 ms  DeleteObjects: 0.972300 ms)

AssetImportParameters requested are different than current active one (requested -> active):
  custom:video-decoder-ogg-theora: a1e56fd34408186e4bbccfd4996cb3dc -> 
  custom:container-muxer-webm: aa71ff27fc2769a1b78a27578f13a17b -> 
  custom:container-demuxer-webm: 4f35f7cbe854078d1ac9338744f61a02 -> 
  custom:video-encoder-webm-vp8: eb34c28f22e8b96e1ab97ce403110664 -> 
  custom:audio-encoder-webm-vorbis: bf7c407c2cedff20999df2af8eb42d56 -> 
  custom:framework-win-MediaFoundation: 216162199b28c13a410421893ffa2e32 -> 
  custom:container-demuxer-ogg: 62fdf1f143b41e24485cea50d1cbac27 -> 
  custom:video-decoder-webm-vp8: 9c59270c3fd7afecdb556c50c9e8de78 -> 
  custom:audio-decoder-ogg-vorbis: bf7c407c2cedff20999df2af8eb42d56 -> 
========================================================================
Received Prepare
Registering precompiled user dll's ...
Registered in 0.014895 seconds.
Begin MonoManager ReloadAssembly
Symbol file LoadedFromMemory doesn't match image C:\Users\34992\Unity_Projects\SpaceGame-RPG\SpaceGame\Library\PackageCache\com.unity.visualscripting@1.8.0\Editor\VisualScripting.Core\Dependencies\YamlDotNet\Unity.VisualScripting.YamlDotNet.dll
Symbol file LoadedFromMemory doesn't match image C:\Users\34992\Unity_Projects\SpaceGame-RPG\SpaceGame\Library\PackageCache\com.unity.visualscripting@1.8.0\Editor\VisualScripting.Core\Dependencies\DotNetZip\Unity.VisualScripting.IonicZip.dll
Native extension for WindowsStandalone target not found
Native extension for WebGL target not found
Refreshing native plugins compatible for Editor in 1.50 ms, found 4 plugins.
Preloading 0 native plugins for Editor in 0.00 ms.
Mono: successfully reloaded assembly
- Completed reload, in  1.926 seconds
Domain Reload Profiling:
	ReloadAssembly (1927ms)
		BeginReloadAssembly (249ms)
			ExecutionOrderSort (0ms)
			DisableScriptedObjects (10ms)
			BackupInstance (0ms)
			ReleaseScriptingObjects (0ms)
			CreateAndSetChildDomain (62ms)
		EndReloadAssembly (1507ms)
			LoadAssemblies (199ms)
			RebuildTransferFunctionScriptingTraits (0ms)
			SetupTypeCache (443ms)
			ReleaseScriptCaches (4ms)
			RebuildScriptCaches (89ms)
			SetupLoadedEditorAssemblies (733ms)
				LogAssemblyErrors (0ms)
				InitializePlatformSupportModulesInManaged (13ms)
				SetLoadedEditorAssemblies (1ms)
				RefreshPlugins (2ms)
				BeforeProcessingInitializeOnLoad (172ms)
				ProcessInitializeOnLoadAttributes (386ms)
				ProcessInitializeOnLoadMethodAttributes (140ms)
				AfterProcessingInitializeOnLoad (19ms)
				EditorAssembliesLoaded (0ms)
			ExecutionOrderSort2 (0ms)
			AwakeInstancesAfterBackupRestoration (17ms)
Platform modules already initialized, skipping
Refreshing native plugins compatible for Editor in 6.22 ms, found 4 plugins.
Preloading 0 native plugins for Editor in 0.00 ms.
Unloading 5142 Unused Serialized files (Serialized files now loaded: 0)
Unloading 42 unused Assets / (1.2 MB). Loaded Objects now: 5742.
Memory consumption went from 200.2 MB to 198.9 MB.
Total: 7.122600 ms (FindLiveObjects: 0.663200 ms CreateObjectMapping: 0.683100 ms MarkObjects: 4.753900 ms  DeleteObjects: 1.019900 ms)

AssetImportParameters requested are different than current active one (requested -> active):
  custom:video-decoder-ogg-theora: a1e56fd34408186e4bbccfd4996cb3dc -> 
  custom:container-muxer-webm: aa71ff27fc2769a1b78a27578f13a17b -> 
  custom:container-demuxer-webm: 4f35f7cbe854078d1ac9338744f61a02 -> 
  custom:video-encoder-webm-vp8: eb34c28f22e8b96e1ab97ce403110664 -> 
  custom:audio-encoder-webm-vorbis: bf7c407c2cedff20999df2af8eb42d56 -> 
  custom:framework-win-MediaFoundation: 216162199b28c13a410421893ffa2e32 -> 
  custom:container-demuxer-ogg: 62fdf1f143b41e24485cea50d1cbac27 -> 
  custom:video-decoder-webm-vp8: 9c59270c3fd7afecdb556c50c9e8de78 -> 
  custom:audio-decoder-ogg-vorbis: bf7c407c2cedff20999df2af8eb42d56 -> 
========================================================================
Received Prepare
Registering precompiled user dll's ...
Registered in 0.026241 seconds.
Begin MonoManager ReloadAssembly
Symbol file LoadedFromMemory doesn't match image C:\Users\34992\Unity_Projects\SpaceGame-RPG\SpaceGame\Library\PackageCache\com.unity.visualscripting@1.8.0\Editor\VisualScripting.Core\Dependencies\YamlDotNet\Unity.VisualScripting.YamlDotNet.dll
Symbol file LoadedFromMemory doesn't match image C:\Users\34992\Unity_Projects\SpaceGame-RPG\SpaceGame\Library\PackageCache\com.unity.visualscripting@1.8.0\Editor\VisualScripting.Core\Dependencies\DotNetZip\Unity.VisualScripting.IonicZip.dll
Native extension for WindowsStandalone target not found
Native extension for WebGL target not found
Refreshing native plugins compatible for Editor in 1.25 ms, found 4 plugins.
Preloading 0 native plugins for Editor in 0.00 ms.
Mono: successfully reloaded assembly
- Completed reload, in  2.149 seconds
Domain Reload Profiling:
	ReloadAssembly (2150ms)
		BeginReloadAssembly (269ms)
			ExecutionOrderSort (0ms)
			DisableScriptedObjects (12ms)
			BackupInstance (0ms)
			ReleaseScriptingObjects (0ms)
			CreateAndSetChildDomain (64ms)
		EndReloadAssembly (1685ms)
			LoadAssemblies (223ms)
			RebuildTransferFunctionScriptingTraits (0ms)
			SetupTypeCache (453ms)
			ReleaseScriptCaches (5ms)
			RebuildScriptCaches (99ms)
			SetupLoadedEditorAssemblies (867ms)
				LogAssemblyErrors (0ms)
				InitializePlatformSupportModulesInManaged (14ms)
				SetLoadedEditorAssemblies (1ms)
				RefreshPlugins (1ms)
				BeforeProcessingInitializeOnLoad (208ms)
				ProcessInitializeOnLoadAttributes (446ms)
				ProcessInitializeOnLoadMethodAttributes (176ms)
				AfterProcessingInitializeOnLoad (20ms)
				EditorAssembliesLoaded (0ms)
			ExecutionOrderSort2 (0ms)
			AwakeInstancesAfterBackupRestoration (15ms)
Platform modules already initialized, skipping
Refreshing native plugins compatible for Editor in 7.43 ms, found 4 plugins.
Preloading 0 native plugins for Editor in 0.00 ms.
Unloading 5142 Unused Serialized files (Serialized files now loaded: 0)
Unloading 42 unused Assets / (1.2 MB). Loaded Objects now: 5745.
Memory consumption went from 200.2 MB to 199.0 MB.
Total: 9.520800 ms (FindLiveObjects: 0.701900 ms CreateObjectMapping: 0.991900 ms MarkObjects: 6.885000 ms  DeleteObjects: 0.927600 ms)

AssetImportParameters requested are different than current active one (requested -> active):
  custom:video-decoder-ogg-theora: a1e56fd34408186e4bbccfd4996cb3dc -> 
  custom:container-muxer-webm: aa71ff27fc2769a1b78a27578f13a17b -> 
  custom:container-demuxer-webm: 4f35f7cbe854078d1ac9338744f61a02 -> 
  custom:video-encoder-webm-vp8: eb34c28f22e8b96e1ab97ce403110664 -> 
  custom:audio-encoder-webm-vorbis: bf7c407c2cedff20999df2af8eb42d56 -> 
  custom:framework-win-MediaFoundation: 216162199b28c13a410421893ffa2e32 -> 
  custom:container-demuxer-ogg: 62fdf1f143b41e24485cea50d1cbac27 -> 
  custom:video-decoder-webm-vp8: 9c59270c3fd7afecdb556c50c9e8de78 -> 
  custom:audio-decoder-ogg-vorbis: bf7c407c2cedff20999df2af8eb42d56 -> 
========================================================================
Received Prepare
Registering precompiled user dll's ...
Registered in 0.025928 seconds.
Begin MonoManager ReloadAssembly
Symbol file LoadedFromMemory doesn't match image C:\Users\34992\Unity_Projects\SpaceGame-RPG\SpaceGame\Library\PackageCache\com.unity.visualscripting@1.8.0\Editor\VisualScripting.Core\Dependencies\YamlDotNet\Unity.VisualScripting.YamlDotNet.dll
Symbol file LoadedFromMemory doesn't match image C:\Users\34992\Unity_Projects\SpaceGame-RPG\SpaceGame\Library\PackageCache\com.unity.visualscripting@1.8.0\Editor\VisualScripting.Core\Dependencies\DotNetZip\Unity.VisualScripting.IonicZip.dll
Native extension for WindowsStandalone target not found
Native extension for WebGL target not found
Refreshing native plugins compatible for Editor in 1.50 ms, found 4 plugins.
Preloading 0 native plugins for Editor in 0.00 ms.
Mono: successfully reloaded assembly
- Completed reload, in  1.976 seconds
Domain Reload Profiling:
	ReloadAssembly (1977ms)
		BeginReloadAssembly (257ms)
			ExecutionOrderSort (0ms)
			DisableScriptedObjects (13ms)
			BackupInstance (0ms)
			ReleaseScriptingObjects (0ms)
			CreateAndSetChildDomain (69ms)
		EndReloadAssembly (1534ms)
			LoadAssemblies (208ms)
			RebuildTransferFunctionScriptingTraits (0ms)
			SetupTypeCache (451ms)
			ReleaseScriptCaches (3ms)
			RebuildScriptCaches (82ms)
			SetupLoadedEditorAssemblies (741ms)
				LogAssemblyErrors (0ms)
				InitializePlatformSupportModulesInManaged (12ms)
				SetLoadedEditorAssemblies (1ms)
				RefreshPlugins (2ms)
				BeforeProcessingInitializeOnLoad (167ms)
				ProcessInitializeOnLoadAttributes (408ms)
				ProcessInitializeOnLoadMethodAttributes (135ms)
				AfterProcessingInitializeOnLoad (16ms)
				EditorAssembliesLoaded (0ms)
			ExecutionOrderSort2 (0ms)
			AwakeInstancesAfterBackupRestoration (15ms)
Platform modules already initialized, skipping
Refreshing native plugins compatible for Editor in 6.94 ms, found 4 plugins.
Preloading 0 native plugins for Editor in 0.00 ms.
Unloading 5142 Unused Serialized files (Serialized files now loaded: 0)
Unloading 42 unused Assets / (1.2 MB). Loaded Objects now: 5748.
Memory consumption went from 200.2 MB to 199.0 MB.
Total: 7.334900 ms (FindLiveObjects: 0.550900 ms CreateObjectMapping: 0.750800 ms MarkObjects: 5.102100 ms  DeleteObjects: 0.929700 ms)

AssetImportParameters requested are different than current active one (requested -> active):
  custom:video-decoder-ogg-theora: a1e56fd34408186e4bbccfd4996cb3dc -> 
  custom:container-muxer-webm: aa71ff27fc2769a1b78a27578f13a17b -> 
  custom:container-demuxer-webm: 4f35f7cbe854078d1ac9338744f61a02 -> 
  custom:video-encoder-webm-vp8: eb34c28f22e8b96e1ab97ce403110664 -> 
  custom:audio-encoder-webm-vorbis: bf7c407c2cedff20999df2af8eb42d56 -> 
  custom:framework-win-MediaFoundation: 216162199b28c13a410421893ffa2e32 -> 
  custom:container-demuxer-ogg: 62fdf1f143b41e24485cea50d1cbac27 -> 
  custom:video-decoder-webm-vp8: 9c59270c3fd7afecdb556c50c9e8de78 -> 
  custom:audio-decoder-ogg-vorbis: bf7c407c2cedff20999df2af8eb42d56 -> 
========================================================================
Received Prepare
Registering precompiled user dll's ...
Registered in 0.022003 seconds.
Begin MonoManager ReloadAssembly
Symbol file LoadedFromMemory doesn't match image C:\Users\34992\Unity_Projects\SpaceGame-RPG\SpaceGame\Library\PackageCache\com.unity.visualscripting@1.8.0\Editor\VisualScripting.Core\Dependencies\YamlDotNet\Unity.VisualScripting.YamlDotNet.dll
Symbol file LoadedFromMemory doesn't match image C:\Users\34992\Unity_Projects\SpaceGame-RPG\SpaceGame\Library\PackageCache\com.unity.visualscripting@1.8.0\Editor\VisualScripting.Core\Dependencies\DotNetZip\Unity.VisualScripting.IonicZip.dll
Native extension for WindowsStandalone target not found
Native extension for WebGL target not found
Refreshing native plugins compatible for Editor in 1.53 ms, found 4 plugins.
Preloading 0 native plugins for Editor in 0.00 ms.
Mono: successfully reloaded assembly
- Completed reload, in  2.524 seconds
Domain Reload Profiling:
	ReloadAssembly (2525ms)
		BeginReloadAssembly (415ms)
			ExecutionOrderSort (0ms)
			DisableScriptedObjects (15ms)
			BackupInstance (0ms)
			ReleaseScriptingObjects (0ms)
			CreateAndSetChildDomain (58ms)
		EndReloadAssembly (1856ms)
			LoadAssemblies (353ms)
			RebuildTransferFunctionScriptingTraits (0ms)
			SetupTypeCache (820ms)
			ReleaseScriptCaches (3ms)
			RebuildScriptCaches (89ms)
			SetupLoadedEditorAssemblies (681ms)
				LogAssemblyErrors (0ms)
				InitializePlatformSupportModulesInManaged (11ms)
				SetLoadedEditorAssemblies (1ms)
				RefreshPlugins (2ms)
				BeforeProcessingInitializeOnLoad (156ms)
				ProcessInitializeOnLoadAttributes (345ms)
				ProcessInitializeOnLoadMethodAttributes (150ms)
				AfterProcessingInitializeOnLoad (17ms)
				EditorAssembliesLoaded (0ms)
			ExecutionOrderSort2 (0ms)
			AwakeInstancesAfterBackupRestoration (21ms)
Platform modules already initialized, skipping
Refreshing native plugins compatible for Editor in 7.00 ms, found 4 plugins.
Preloading 0 native plugins for Editor in 0.00 ms.
Unloading 5142 Unused Serialized files (Serialized files now loaded: 0)
Unloading 42 unused Assets / (1.2 MB). Loaded Objects now: 5751.
Memory consumption went from 200.2 MB to 199.0 MB.
Total: 7.355700 ms (FindLiveObjects: 0.585500 ms CreateObjectMapping: 0.732600 ms MarkObjects: 4.871800 ms  DeleteObjects: 1.163600 ms)

AssetImportParameters requested are different than current active one (requested -> active):
  custom:video-decoder-ogg-theora: a1e56fd34408186e4bbccfd4996cb3dc -> 
  custom:container-muxer-webm: aa71ff27fc2769a1b78a27578f13a17b -> 
  custom:container-demuxer-webm: 4f35f7cbe854078d1ac9338744f61a02 -> 
  custom:video-encoder-webm-vp8: eb34c28f22e8b96e1ab97ce403110664 -> 
  custom:audio-encoder-webm-vorbis: bf7c407c2cedff20999df2af8eb42d56 -> 
  custom:framework-win-MediaFoundation: 216162199b28c13a410421893ffa2e32 -> 
  custom:container-demuxer-ogg: 62fdf1f143b41e24485cea50d1cbac27 -> 
  custom:video-decoder-webm-vp8: 9c59270c3fd7afecdb556c50c9e8de78 -> 
  custom:audio-decoder-ogg-vorbis: bf7c407c2cedff20999df2af8eb42d56 -> 
========================================================================
Received Prepare
Registering precompiled user dll's ...
Registered in 0.021255 seconds.
Begin MonoManager ReloadAssembly
Symbol file LoadedFromMemory doesn't match image C:\Users\34992\Unity_Projects\SpaceGame-RPG\SpaceGame\Library\PackageCache\com.unity.visualscripting@1.8.0\Editor\VisualScripting.Core\Dependencies\YamlDotNet\Unity.VisualScripting.YamlDotNet.dll
Symbol file LoadedFromMemory doesn't match image C:\Users\34992\Unity_Projects\SpaceGame-RPG\SpaceGame\Library\PackageCache\com.unity.visualscripting@1.8.0\Editor\VisualScripting.Core\Dependencies\DotNetZip\Unity.VisualScripting.IonicZip.dll
Native extension for WindowsStandalone target not found
Native extension for WebGL target not found
Refreshing native plugins compatible for Editor in 1.97 ms, found 4 plugins.
Preloading 0 native plugins for Editor in 0.00 ms.
Mono: successfully reloaded assembly
- Completed reload, in  2.534 seconds
Domain Reload Profiling:
	ReloadAssembly (2536ms)
		BeginReloadAssembly (327ms)
			ExecutionOrderSort (0ms)
			DisableScriptedObjects (18ms)
			BackupInstance (0ms)
			ReleaseScriptingObjects (0ms)
			CreateAndSetChildDomain (81ms)
		EndReloadAssembly (1931ms)
			LoadAssemblies (230ms)
			RebuildTransferFunctionScriptingTraits (0ms)
			SetupTypeCache (624ms)
			ReleaseScriptCaches (4ms)
			RebuildScriptCaches (113ms)
			SetupLoadedEditorAssemblies (900ms)
				LogAssemblyErrors (0ms)
				InitializePlatformSupportModulesInManaged (14ms)
				SetLoadedEditorAssemblies (1ms)
				RefreshPlugins (2ms)
				BeforeProcessingInitializeOnLoad (199ms)
				ProcessInitializeOnLoadAttributes (499ms)
				ProcessInitializeOnLoadMethodAttributes (167ms)
				AfterProcessingInitializeOnLoad (17ms)
				EditorAssembliesLoaded (0ms)
			ExecutionOrderSort2 (0ms)
			AwakeInstancesAfterBackupRestoration (11ms)
Platform modules already initialized, skipping
Refreshing native plugins compatible for Editor in 6.89 ms, found 4 plugins.
Preloading 0 native plugins for Editor in 0.00 ms.
Unloading 5142 Unused Serialized files (Serialized files now loaded: 0)
Unloading 42 unused Assets / (1.2 MB). Loaded Objects now: 5754.
Memory consumption went from 200.2 MB to 199.0 MB.
Total: 6.133800 ms (FindLiveObjects: 0.571100 ms CreateObjectMapping: 0.706600 ms MarkObjects: 4.056000 ms  DeleteObjects: 0.798200 ms)

AssetImportParameters requested are different than current active one (requested -> active):
  custom:video-decoder-ogg-theora: a1e56fd34408186e4bbccfd4996cb3dc -> 
  custom:container-muxer-webm: aa71ff27fc2769a1b78a27578f13a17b -> 
  custom:container-demuxer-webm: 4f35f7cbe854078d1ac9338744f61a02 -> 
  custom:video-encoder-webm-vp8: eb34c28f22e8b96e1ab97ce403110664 -> 
  custom:audio-encoder-webm-vorbis: bf7c407c2cedff20999df2af8eb42d56 -> 
  custom:framework-win-MediaFoundation: 216162199b28c13a410421893ffa2e32 -> 
  custom:container-demuxer-ogg: 62fdf1f143b41e24485cea50d1cbac27 -> 
  custom:video-decoder-webm-vp8: 9c59270c3fd7afecdb556c50c9e8de78 -> 
  custom:audio-decoder-ogg-vorbis: bf7c407c2cedff20999df2af8eb42d56 -> 
========================================================================
Received Prepare
Registering precompiled user dll's ...
Registered in 0.018386 seconds.
Begin MonoManager ReloadAssembly
Symbol file LoadedFromMemory doesn't match image C:\Users\34992\Unity_Projects\SpaceGame-RPG\SpaceGame\Library\PackageCache\com.unity.visualscripting@1.8.0\Editor\VisualScripting.Core\Dependencies\YamlDotNet\Unity.VisualScripting.YamlDotNet.dll
Symbol file LoadedFromMemory doesn't match image C:\Users\34992\Unity_Projects\SpaceGame-RPG\SpaceGame\Library\PackageCache\com.unity.visualscripting@1.8.0\Editor\VisualScripting.Core\Dependencies\DotNetZip\Unity.VisualScripting.IonicZip.dll
Native extension for WindowsStandalone target not found
Native extension for WebGL target not found
Refreshing native plugins compatible for Editor in 1.61 ms, found 4 plugins.
Preloading 0 native plugins for Editor in 0.00 ms.
Mono: successfully reloaded assembly
- Completed reload, in  1.865 seconds
Domain Reload Profiling:
	ReloadAssembly (1866ms)
		BeginReloadAssembly (242ms)
			ExecutionOrderSort (0ms)
			DisableScriptedObjects (14ms)
			BackupInstance (0ms)
			ReleaseScriptingObjects (0ms)
			CreateAndSetChildDomain (52ms)
		EndReloadAssembly (1464ms)
			LoadAssemblies (185ms)
			RebuildTransferFunctionScriptingTraits (0ms)
			SetupTypeCache (432ms)
			ReleaseScriptCaches (5ms)
			RebuildScriptCaches (84ms)
			SetupLoadedEditorAssemblies (726ms)
				LogAssemblyErrors (0ms)
				InitializePlatformSupportModulesInManaged (15ms)
				SetLoadedEditorAssemblies (1ms)
				RefreshPlugins (2ms)
				BeforeProcessingInitializeOnLoad (166ms)
				ProcessInitializeOnLoadAttributes (385ms)
				ProcessInitializeOnLoadMethodAttributes (142ms)
				AfterProcessingInitializeOnLoad (17ms)
				EditorAssembliesLoaded (0ms)
			ExecutionOrderSort2 (0ms)
			AwakeInstancesAfterBackupRestoration (16ms)
Platform modules already initialized, skipping
Refreshing native plugins compatible for Editor in 10.02 ms, found 4 plugins.
Preloading 0 native plugins for Editor in 0.00 ms.
Unloading 5142 Unused Serialized files (Serialized files now loaded: 0)
Unloading 42 unused Assets / (1.2 MB). Loaded Objects now: 5757.
Memory consumption went from 200.2 MB to 199.0 MB.
Total: 8.381700 ms (FindLiveObjects: 1.119000 ms CreateObjectMapping: 0.814900 ms MarkObjects: 5.510800 ms  DeleteObjects: 0.928300 ms)

AssetImportParameters requested are different than current active one (requested -> active):
  custom:video-decoder-ogg-theora: a1e56fd34408186e4bbccfd4996cb3dc -> 
  custom:container-muxer-webm: aa71ff27fc2769a1b78a27578f13a17b -> 
  custom:container-demuxer-webm: 4f35f7cbe854078d1ac9338744f61a02 -> 
  custom:video-encoder-webm-vp8: eb34c28f22e8b96e1ab97ce403110664 -> 
  custom:audio-encoder-webm-vorbis: bf7c407c2cedff20999df2af8eb42d56 -> 
  custom:framework-win-MediaFoundation: 216162199b28c13a410421893ffa2e32 -> 
  custom:container-demuxer-ogg: 62fdf1f143b41e24485cea50d1cbac27 -> 
  custom:video-decoder-webm-vp8: 9c59270c3fd7afecdb556c50c9e8de78 -> 
  custom:audio-decoder-ogg-vorbis: bf7c407c2cedff20999df2af8eb42d56 -> 
========================================================================
Received Prepare
Registering precompiled user dll's ...
Registered in 0.023797 seconds.
Begin MonoManager ReloadAssembly
Symbol file LoadedFromMemory doesn't match image C:\Users\34992\Unity_Projects\SpaceGame-RPG\SpaceGame\Library\PackageCache\com.unity.visualscripting@1.8.0\Editor\VisualScripting.Core\Dependencies\YamlDotNet\Unity.VisualScripting.YamlDotNet.dll
Symbol file LoadedFromMemory doesn't match image C:\Users\34992\Unity_Projects\SpaceGame-RPG\SpaceGame\Library\PackageCache\com.unity.visualscripting@1.8.0\Editor\VisualScripting.Core\Dependencies\DotNetZip\Unity.VisualScripting.IonicZip.dll
Native extension for WindowsStandalone target not found
Native extension for WebGL target not found
Refreshing native plugins compatible for Editor in 1.07 ms, found 4 plugins.
Preloading 0 native plugins for Editor in 0.00 ms.
Mono: successfully reloaded assembly
- Completed reload, in  2.125 seconds
Domain Reload Profiling:
	ReloadAssembly (2126ms)
		BeginReloadAssembly (279ms)
			ExecutionOrderSort (0ms)
			DisableScriptedObjects (14ms)
			BackupInstance (0ms)
			ReleaseScriptingObjects (0ms)
			CreateAndSetChildDomain (67ms)
		EndReloadAssembly (1610ms)
			LoadAssemblies (199ms)
			RebuildTransferFunctionScriptingTraits (0ms)
			SetupTypeCache (447ms)
			ReleaseScriptCaches (4ms)
			RebuildScriptCaches (94ms)
			SetupLoadedEditorAssemblies (813ms)
				LogAssemblyErrors (0ms)
				InitializePlatformSupportModulesInManaged (13ms)
				SetLoadedEditorAssemblies (1ms)
				RefreshPlugins (1ms)
				BeforeProcessingInitializeOnLoad (183ms)
				ProcessInitializeOnLoadAttributes (438ms)
				ProcessInitializeOnLoadMethodAttributes (157ms)
				AfterProcessingInitializeOnLoad (21ms)
				EditorAssembliesLoaded (0ms)
			ExecutionOrderSort2 (0ms)
			AwakeInstancesAfterBackupRestoration (15ms)
Platform modules already initialized, skipping
Refreshing native plugins compatible for Editor in 8.43 ms, found 4 plugins.
Preloading 0 native plugins for Editor in 0.00 ms.
Unloading 5142 Unused Serialized files (Serialized files now loaded: 0)
Unloading 42 unused Assets / (1.2 MB). Loaded Objects now: 5760.
Memory consumption went from 200.2 MB to 199.0 MB.
Total: 6.990500 ms (FindLiveObjects: 0.553900 ms CreateObjectMapping: 1.026900 ms MarkObjects: 4.518900 ms  DeleteObjects: 0.889000 ms)

AssetImportParameters requested are different than current active one (requested -> active):
  custom:video-decoder-ogg-theora: a1e56fd34408186e4bbccfd4996cb3dc -> 
  custom:container-muxer-webm: aa71ff27fc2769a1b78a27578f13a17b -> 
  custom:container-demuxer-webm: 4f35f7cbe854078d1ac9338744f61a02 -> 
  custom:video-encoder-webm-vp8: eb34c28f22e8b96e1ab97ce403110664 -> 
  custom:audio-encoder-webm-vorbis: bf7c407c2cedff20999df2af8eb42d56 -> 
  custom:framework-win-MediaFoundation: 216162199b28c13a410421893ffa2e32 -> 
  custom:container-demuxer-ogg: 62fdf1f143b41e24485cea50d1cbac27 -> 
  custom:video-decoder-webm-vp8: 9c59270c3fd7afecdb556c50c9e8de78 -> 
  custom:audio-decoder-ogg-vorbis: bf7c407c2cedff20999df2af8eb42d56 -> 
========================================================================
Received Prepare
Registering precompiled user dll's ...
Registered in 0.020883 seconds.
Begin MonoManager ReloadAssembly
Symbol file LoadedFromMemory doesn't match image C:\Users\34992\Unity_Projects\SpaceGame-RPG\SpaceGame\Library\PackageCache\com.unity.visualscripting@1.8.0\Editor\VisualScripting.Core\Dependencies\YamlDotNet\Unity.VisualScripting.YamlDotNet.dll
Symbol file LoadedFromMemory doesn't match image C:\Users\34992\Unity_Projects\SpaceGame-RPG\SpaceGame\Library\PackageCache\com.unity.visualscripting@1.8.0\Editor\VisualScripting.Core\Dependencies\DotNetZip\Unity.VisualScripting.IonicZip.dll
Native extension for WindowsStandalone target not found
Native extension for WebGL target not found
Refreshing native plugins compatible for Editor in 1.46 ms, found 4 plugins.
Preloading 0 native plugins for Editor in 0.00 ms.
Mono: successfully reloaded assembly
- Completed reload, in  3.229 seconds
Domain Reload Profiling:
	ReloadAssembly (3231ms)
		BeginReloadAssembly (263ms)
			ExecutionOrderSort (0ms)
			DisableScriptedObjects (19ms)
			BackupInstance (0ms)
			ReleaseScriptingObjects (0ms)
			CreateAndSetChildDomain (57ms)
		EndReloadAssembly (2669ms)
			LoadAssemblies (248ms)
			RebuildTransferFunctionScriptingTraits (0ms)
			SetupTypeCache (788ms)
			ReleaseScriptCaches (4ms)
			RebuildScriptCaches (142ms)
			SetupLoadedEditorAssemblies (1277ms)
				LogAssemblyErrors (0ms)
				InitializePlatformSupportModulesInManaged (19ms)
				SetLoadedEditorAssemblies (1ms)
				RefreshPlugins (2ms)
				BeforeProcessingInitializeOnLoad (273ms)
				ProcessInitializeOnLoadAttributes (699ms)
				ProcessInitializeOnLoadMethodAttributes (239ms)
				AfterProcessingInitializeOnLoad (44ms)
				EditorAssembliesLoaded (1ms)
			ExecutionOrderSort2 (0ms)
			AwakeInstancesAfterBackupRestoration (35ms)
Platform modules already initialized, skipping
Refreshing native plugins compatible for Editor in 8.20 ms, found 4 plugins.
Preloading 0 native plugins for Editor in 0.00 ms.
Unloading 5142 Unused Serialized files (Serialized files now loaded: 0)
Unloading 42 unused Assets / (1.2 MB). Loaded Objects now: 5763.
Memory consumption went from 200.2 MB to 199.0 MB.
Total: 7.585000 ms (FindLiveObjects: 0.533800 ms CreateObjectMapping: 0.705900 ms MarkObjects: 5.421800 ms  DeleteObjects: 0.921300 ms)

AssetImportParameters requested are different than current active one (requested -> active):
  custom:video-decoder-ogg-theora: a1e56fd34408186e4bbccfd4996cb3dc -> 
  custom:container-muxer-webm: aa71ff27fc2769a1b78a27578f13a17b -> 
  custom:container-demuxer-webm: 4f35f7cbe854078d1ac9338744f61a02 -> 
  custom:video-encoder-webm-vp8: eb34c28f22e8b96e1ab97ce403110664 -> 
  custom:audio-encoder-webm-vorbis: bf7c407c2cedff20999df2af8eb42d56 -> 
  custom:framework-win-MediaFoundation: 216162199b28c13a410421893ffa2e32 -> 
  custom:container-demuxer-ogg: 62fdf1f143b41e24485cea50d1cbac27 -> 
  custom:video-decoder-webm-vp8: 9c59270c3fd7afecdb556c50c9e8de78 -> 
  custom:audio-decoder-ogg-vorbis: bf7c407c2cedff20999df2af8eb42d56 -> 
========================================================================
Received Prepare
Registering precompiled user dll's ...
Registered in 0.024757 seconds.
Begin MonoManager ReloadAssembly
Symbol file LoadedFromMemory doesn't match image C:\Users\34992\Unity_Projects\SpaceGame-RPG\SpaceGame\Library\PackageCache\com.unity.visualscripting@1.8.0\Editor\VisualScripting.Core\Dependencies\YamlDotNet\Unity.VisualScripting.YamlDotNet.dll
Symbol file LoadedFromMemory doesn't match image C:\Users\34992\Unity_Projects\SpaceGame-RPG\SpaceGame\Library\PackageCache\com.unity.visualscripting@1.8.0\Editor\VisualScripting.Core\Dependencies\DotNetZip\Unity.VisualScripting.IonicZip.dll
Native extension for WindowsStandalone target not found
Native extension for WebGL target not found
Refreshing native plugins compatible for Editor in 1.57 ms, found 4 plugins.
Preloading 0 native plugins for Editor in 0.00 ms.
Mono: successfully reloaded assembly
- Completed reload, in  2.307 seconds
Domain Reload Profiling:
	ReloadAssembly (2308ms)
		BeginReloadAssembly (289ms)
			ExecutionOrderSort (0ms)
			DisableScriptedObjects (14ms)
			BackupInstance (0ms)
			ReleaseScriptingObjects (0ms)
			CreateAndSetChildDomain (59ms)
		EndReloadAssembly (1795ms)
			LoadAssemblies (224ms)
			RebuildTransferFunctionScriptingTraits (0ms)
			SetupTypeCache (511ms)
			ReleaseScriptCaches (4ms)
			RebuildScriptCaches (106ms)
			SetupLoadedEditorAssemblies (901ms)
				LogAssemblyErrors (0ms)
				InitializePlatformSupportModulesInManaged (19ms)
				SetLoadedEditorAssemblies (1ms)
				RefreshPlugins (2ms)
				BeforeProcessingInitializeOnLoad (214ms)
				ProcessInitializeOnLoadAttributes (463ms)
				ProcessInitializeOnLoadMethodAttributes (181ms)
				AfterProcessingInitializeOnLoad (21ms)
				EditorAssembliesLoaded (0ms)
			ExecutionOrderSort2 (0ms)
			AwakeInstancesAfterBackupRestoration (15ms)
Platform modules already initialized, skipping
Refreshing native plugins compatible for Editor in 6.56 ms, found 4 plugins.
Preloading 0 native plugins for Editor in 0.00 ms.
Unloading 5142 Unused Serialized files (Serialized files now loaded: 0)
Unloading 42 unused Assets / (1.2 MB). Loaded Objects now: 5766.
Memory consumption went from 200.2 MB to 199.0 MB.
Total: 9.025600 ms (FindLiveObjects: 0.681900 ms CreateObjectMapping: 0.689700 ms MarkObjects: 6.470000 ms  DeleteObjects: 1.181600 ms)

AssetImportParameters requested are different than current active one (requested -> active):
  custom:video-decoder-ogg-theora: a1e56fd34408186e4bbccfd4996cb3dc -> 
  custom:container-muxer-webm: aa71ff27fc2769a1b78a27578f13a17b -> 
  custom:container-demuxer-webm: 4f35f7cbe854078d1ac9338744f61a02 -> 
  custom:video-encoder-webm-vp8: eb34c28f22e8b96e1ab97ce403110664 -> 
  custom:audio-encoder-webm-vorbis: bf7c407c2cedff20999df2af8eb42d56 -> 
  custom:framework-win-MediaFoundation: 216162199b28c13a410421893ffa2e32 -> 
  custom:container-demuxer-ogg: 62fdf1f143b41e24485cea50d1cbac27 -> 
  custom:video-decoder-webm-vp8: 9c59270c3fd7afecdb556c50c9e8de78 -> 
  custom:audio-decoder-ogg-vorbis: bf7c407c2cedff20999df2af8eb42d56 -> 
========================================================================
Received Prepare
Registering precompiled user dll's ...
Registered in 0.014929 seconds.
Begin MonoManager ReloadAssembly
Symbol file LoadedFromMemory doesn't match image C:\Users\34992\Unity_Projects\SpaceGame-RPG\SpaceGame\Library\PackageCache\com.unity.visualscripting@1.8.0\Editor\VisualScripting.Core\Dependencies\YamlDotNet\Unity.VisualScripting.YamlDotNet.dll
Symbol file LoadedFromMemory doesn't match image C:\Users\34992\Unity_Projects\SpaceGame-RPG\SpaceGame\Library\PackageCache\com.unity.visualscripting@1.8.0\Editor\VisualScripting.Core\Dependencies\DotNetZip\Unity.VisualScripting.IonicZip.dll
Native extension for WindowsStandalone target not found
Native extension for WebGL target not found
Refreshing native plugins compatible for Editor in 1.74 ms, found 4 plugins.
Preloading 0 native plugins for Editor in 0.00 ms.
Mono: successfully reloaded assembly
- Completed reload, in  1.934 seconds
Domain Reload Profiling:
	ReloadAssembly (1935ms)
		BeginReloadAssembly (242ms)
			ExecutionOrderSort (0ms)
			DisableScriptedObjects (13ms)
			BackupInstance (0ms)
			ReleaseScriptingObjects (0ms)
			CreateAndSetChildDomain (47ms)
		EndReloadAssembly (1518ms)
			LoadAssemblies (193ms)
			RebuildTransferFunctionScriptingTraits (0ms)
			SetupTypeCache (455ms)
			ReleaseScriptCaches (4ms)
			RebuildScriptCaches (102ms)
			SetupLoadedEditorAssemblies (705ms)
				LogAssemblyErrors (0ms)
				InitializePlatformSupportModulesInManaged (13ms)
				SetLoadedEditorAssemblies (1ms)
				RefreshPlugins (2ms)
				BeforeProcessingInitializeOnLoad (171ms)
				ProcessInitializeOnLoadAttributes (360ms)
				ProcessInitializeOnLoadMethodAttributes (137ms)
				AfterProcessingInitializeOnLoad (21ms)
				EditorAssembliesLoaded (0ms)
			ExecutionOrderSort2 (0ms)
			AwakeInstancesAfterBackupRestoration (14ms)
Platform modules already initialized, skipping
Refreshing native plugins compatible for Editor in 5.79 ms, found 4 plugins.
Preloading 0 native plugins for Editor in 0.00 ms.
Unloading 5142 Unused Serialized files (Serialized files now loaded: 0)
Unloading 42 unused Assets / (1.2 MB). Loaded Objects now: 5769.
Memory consumption went from 200.2 MB to 199.0 MB.
Total: 7.188500 ms (FindLiveObjects: 0.545800 ms CreateObjectMapping: 0.986700 ms MarkObjects: 4.621400 ms  DeleteObjects: 1.032800 ms)

AssetImportParameters requested are different than current active one (requested -> active):
  custom:video-decoder-ogg-theora: a1e56fd34408186e4bbccfd4996cb3dc -> 
  custom:container-muxer-webm: aa71ff27fc2769a1b78a27578f13a17b -> 
  custom:container-demuxer-webm: 4f35f7cbe854078d1ac9338744f61a02 -> 
  custom:video-encoder-webm-vp8: eb34c28f22e8b96e1ab97ce403110664 -> 
  custom:audio-encoder-webm-vorbis: bf7c407c2cedff20999df2af8eb42d56 -> 
  custom:framework-win-MediaFoundation: 216162199b28c13a410421893ffa2e32 -> 
  custom:container-demuxer-ogg: 62fdf1f143b41e24485cea50d1cbac27 -> 
  custom:video-decoder-webm-vp8: 9c59270c3fd7afecdb556c50c9e8de78 -> 
  custom:audio-decoder-ogg-vorbis: bf7c407c2cedff20999df2af8eb42d56 -> 
========================================================================
Received Prepare
Registering precompiled user dll's ...
Registered in 0.018183 seconds.
Begin MonoManager ReloadAssembly
Symbol file LoadedFromMemory doesn't match image C:\Users\34992\Unity_Projects\SpaceGame-RPG\SpaceGame\Library\PackageCache\com.unity.visualscripting@1.8.0\Editor\VisualScripting.Core\Dependencies\YamlDotNet\Unity.VisualScripting.YamlDotNet.dll
Symbol file LoadedFromMemory doesn't match image C:\Users\34992\Unity_Projects\SpaceGame-RPG\SpaceGame\Library\PackageCache\com.unity.visualscripting@1.8.0\Editor\VisualScripting.Core\Dependencies\DotNetZip\Unity.VisualScripting.IonicZip.dll
Native extension for WindowsStandalone target not found
Native extension for WebGL target not found
Refreshing native plugins compatible for Editor in 1.08 ms, found 4 plugins.
Preloading 0 native plugins for Editor in 0.00 ms.
Mono: successfully reloaded assembly
- Completed reload, in  1.991 seconds
Domain Reload Profiling:
	ReloadAssembly (1993ms)
		BeginReloadAssembly (242ms)
			ExecutionOrderSort (0ms)
			DisableScriptedObjects (10ms)
			BackupInstance (0ms)
			ReleaseScriptingObjects (0ms)
			CreateAndSetChildDomain (55ms)
		EndReloadAssembly (1555ms)
			LoadAssemblies (192ms)
			RebuildTransferFunctionScriptingTraits (0ms)
			SetupTypeCache (440ms)
			ReleaseScriptCaches (3ms)
			RebuildScriptCaches (106ms)
			SetupLoadedEditorAssemblies (751ms)
				LogAssemblyErrors (0ms)
				InitializePlatformSupportModulesInManaged (18ms)
				SetLoadedEditorAssemblies (1ms)
				RefreshPlugins (1ms)
				BeforeProcessingInitializeOnLoad (157ms)
				ProcessInitializeOnLoadAttributes (405ms)
				ProcessInitializeOnLoadMethodAttributes (150ms)
				AfterProcessingInitializeOnLoad (19ms)
				EditorAssembliesLoaded (0ms)
			ExecutionOrderSort2 (0ms)
			AwakeInstancesAfterBackupRestoration (15ms)
Platform modules already initialized, skipping
Refreshing native plugins compatible for Editor in 6.86 ms, found 4 plugins.
Preloading 0 native plugins for Editor in 0.00 ms.
Unloading 5142 Unused Serialized files (Serialized files now loaded: 0)
Unloading 42 unused Assets / (1.2 MB). Loaded Objects now: 5772.
Memory consumption went from 200.3 MB to 199.0 MB.
Total: 7.566200 ms (FindLiveObjects: 0.595600 ms CreateObjectMapping: 0.841800 ms MarkObjects: 5.056700 ms  DeleteObjects: 1.070000 ms)

AssetImportParameters requested are different than current active one (requested -> active):
  custom:video-decoder-ogg-theora: a1e56fd34408186e4bbccfd4996cb3dc -> 
  custom:container-muxer-webm: aa71ff27fc2769a1b78a27578f13a17b -> 
  custom:container-demuxer-webm: 4f35f7cbe854078d1ac9338744f61a02 -> 
  custom:video-encoder-webm-vp8: eb34c28f22e8b96e1ab97ce403110664 -> 
  custom:audio-encoder-webm-vorbis: bf7c407c2cedff20999df2af8eb42d56 -> 
  custom:framework-win-MediaFoundation: 216162199b28c13a410421893ffa2e32 -> 
  custom:container-demuxer-ogg: 62fdf1f143b41e24485cea50d1cbac27 -> 
  custom:video-decoder-webm-vp8: 9c59270c3fd7afecdb556c50c9e8de78 -> 
  custom:audio-decoder-ogg-vorbis: bf7c407c2cedff20999df2af8eb42d56 -> 
========================================================================
Received Prepare
Registering precompiled user dll's ...
Registered in 0.012733 seconds.
Begin MonoManager ReloadAssembly
Symbol file LoadedFromMemory doesn't match image C:\Users\34992\Unity_Projects\SpaceGame-RPG\SpaceGame\Library\PackageCache\com.unity.visualscripting@1.8.0\Editor\VisualScripting.Core\Dependencies\YamlDotNet\Unity.VisualScripting.YamlDotNet.dll
Symbol file LoadedFromMemory doesn't match image C:\Users\34992\Unity_Projects\SpaceGame-RPG\SpaceGame\Library\PackageCache\com.unity.visualscripting@1.8.0\Editor\VisualScripting.Core\Dependencies\DotNetZip\Unity.VisualScripting.IonicZip.dll
Native extension for WindowsStandalone target not found
Native extension for WebGL target not found
Refreshing native plugins compatible for Editor in 1.05 ms, found 4 plugins.
Preloading 0 native plugins for Editor in 0.00 ms.
Mono: successfully reloaded assembly
- Completed reload, in  1.899 seconds
Domain Reload Profiling:
	ReloadAssembly (1900ms)
		BeginReloadAssembly (242ms)
			ExecutionOrderSort (0ms)
			DisableScriptedObjects (12ms)
			BackupInstance (0ms)
			ReleaseScriptingObjects (0ms)
			CreateAndSetChildDomain (59ms)
		EndReloadAssembly (1477ms)
			LoadAssemblies (201ms)
			RebuildTransferFunctionScriptingTraits (0ms)
			SetupTypeCache (414ms)
			ReleaseScriptCaches (4ms)
			RebuildScriptCaches (97ms)
			SetupLoadedEditorAssemblies (708ms)
				LogAssemblyErrors (0ms)
				InitializePlatformSupportModulesInManaged (13ms)
				SetLoadedEditorAssemblies (1ms)
				RefreshPlugins (1ms)
				BeforeProcessingInitializeOnLoad (172ms)
				ProcessInitializeOnLoadAttributes (361ms)
				ProcessInitializeOnLoadMethodAttributes (141ms)
				AfterProcessingInitializeOnLoad (18ms)
				EditorAssembliesLoaded (0ms)
			ExecutionOrderSort2 (0ms)
			AwakeInstancesAfterBackupRestoration (15ms)
Platform modules already initialized, skipping
Refreshing native plugins compatible for Editor in 5.69 ms, found 4 plugins.
Preloading 0 native plugins for Editor in 0.00 ms.
Unloading 5142 Unused Serialized files (Serialized files now loaded: 0)
Unloading 42 unused Assets / (1.2 MB). Loaded Objects now: 5775.
Memory consumption went from 200.3 MB to 199.1 MB.
Total: 7.467200 ms (FindLiveObjects: 0.568600 ms CreateObjectMapping: 0.956100 ms MarkObjects: 5.121800 ms  DeleteObjects: 0.818900 ms)

AssetImportParameters requested are different than current active one (requested -> active):
  custom:video-decoder-ogg-theora: a1e56fd34408186e4bbccfd4996cb3dc -> 
  custom:container-muxer-webm: aa71ff27fc2769a1b78a27578f13a17b -> 
  custom:container-demuxer-webm: 4f35f7cbe854078d1ac9338744f61a02 -> 
  custom:video-encoder-webm-vp8: eb34c28f22e8b96e1ab97ce403110664 -> 
  custom:audio-encoder-webm-vorbis: bf7c407c2cedff20999df2af8eb42d56 -> 
  custom:framework-win-MediaFoundation: 216162199b28c13a410421893ffa2e32 -> 
  custom:container-demuxer-ogg: 62fdf1f143b41e24485cea50d1cbac27 -> 
  custom:video-decoder-webm-vp8: 9c59270c3fd7afecdb556c50c9e8de78 -> 
  custom:audio-decoder-ogg-vorbis: bf7c407c2cedff20999df2af8eb42d56 -> 
========================================================================
Received Prepare
Registering precompiled user dll's ...
Registered in 0.021696 seconds.
Begin MonoManager ReloadAssembly
Symbol file LoadedFromMemory doesn't match image C:\Users\34992\Unity_Projects\SpaceGame-RPG\SpaceGame\Library\PackageCache\com.unity.visualscripting@1.8.0\Editor\VisualScripting.Core\Dependencies\YamlDotNet\Unity.VisualScripting.YamlDotNet.dll
Symbol file LoadedFromMemory doesn't match image C:\Users\34992\Unity_Projects\SpaceGame-RPG\SpaceGame\Library\PackageCache\com.unity.visualscripting@1.8.0\Editor\VisualScripting.Core\Dependencies\DotNetZip\Unity.VisualScripting.IonicZip.dll
Native extension for WindowsStandalone target not found
Native extension for WebGL target not found
Refreshing native plugins compatible for Editor in 1.24 ms, found 4 plugins.
Preloading 0 native plugins for Editor in 0.00 ms.
Mono: successfully reloaded assembly
- Completed reload, in  1.948 seconds
Domain Reload Profiling:
	ReloadAssembly (1951ms)
		BeginReloadAssembly (256ms)
			ExecutionOrderSort (0ms)
			DisableScriptedObjects (12ms)
			BackupInstance (0ms)
			ReleaseScriptingObjects (0ms)
			CreateAndSetChildDomain (58ms)
		EndReloadAssembly (1509ms)
			LoadAssemblies (204ms)
			RebuildTransferFunctionScriptingTraits (0ms)
			SetupTypeCache (454ms)
			ReleaseScriptCaches (3ms)
			RebuildScriptCaches (82ms)
			SetupLoadedEditorAssemblies (730ms)
				LogAssemblyErrors (0ms)
				InitializePlatformSupportModulesInManaged (15ms)
				SetLoadedEditorAssemblies (1ms)
				RefreshPlugins (1ms)
				BeforeProcessingInitializeOnLoad (166ms)
				ProcessInitializeOnLoadAttributes (391ms)
				ProcessInitializeOnLoadMethodAttributes (141ms)
				AfterProcessingInitializeOnLoad (15ms)
				EditorAssembliesLoaded (0ms)
			ExecutionOrderSort2 (0ms)
			AwakeInstancesAfterBackupRestoration (15ms)
Platform modules already initialized, skipping
Refreshing native plugins compatible for Editor in 7.92 ms, found 4 plugins.
Preloading 0 native plugins for Editor in 0.00 ms.
Unloading 5142 Unused Serialized files (Serialized files now loaded: 0)
Unloading 42 unused Assets / (1.2 MB). Loaded Objects now: 5778.
Memory consumption went from 200.3 MB to 199.1 MB.
Total: 8.356800 ms (FindLiveObjects: 0.681700 ms CreateObjectMapping: 1.009800 ms MarkObjects: 5.545300 ms  DeleteObjects: 1.118000 ms)

AssetImportParameters requested are different than current active one (requested -> active):
  custom:video-decoder-ogg-theora: a1e56fd34408186e4bbccfd4996cb3dc -> 
  custom:container-muxer-webm: aa71ff27fc2769a1b78a27578f13a17b -> 
  custom:container-demuxer-webm: 4f35f7cbe854078d1ac9338744f61a02 -> 
  custom:video-encoder-webm-vp8: eb34c28f22e8b96e1ab97ce403110664 -> 
  custom:audio-encoder-webm-vorbis: bf7c407c2cedff20999df2af8eb42d56 -> 
  custom:framework-win-MediaFoundation: 216162199b28c13a410421893ffa2e32 -> 
  custom:container-demuxer-ogg: 62fdf1f143b41e24485cea50d1cbac27 -> 
  custom:video-decoder-webm-vp8: 9c59270c3fd7afecdb556c50c9e8de78 -> 
  custom:audio-decoder-ogg-vorbis: bf7c407c2cedff20999df2af8eb42d56 -> 
========================================================================
Received Prepare
Registering precompiled user dll's ...
Registered in 0.019468 seconds.
Begin MonoManager ReloadAssembly
Symbol file LoadedFromMemory doesn't match image C:\Users\34992\Unity_Projects\SpaceGame-RPG\SpaceGame\Library\PackageCache\com.unity.visualscripting@1.8.0\Editor\VisualScripting.Core\Dependencies\YamlDotNet\Unity.VisualScripting.YamlDotNet.dll
Symbol file LoadedFromMemory doesn't match image C:\Users\34992\Unity_Projects\SpaceGame-RPG\SpaceGame\Library\PackageCache\com.unity.visualscripting@1.8.0\Editor\VisualScripting.Core\Dependencies\DotNetZip\Unity.VisualScripting.IonicZip.dll
Native extension for WindowsStandalone target not found
Native extension for WebGL target not found
Refreshing native plugins compatible for Editor in 0.91 ms, found 4 plugins.
Preloading 0 native plugins for Editor in 0.00 ms.
Mono: successfully reloaded assembly
- Completed reload, in  1.977 seconds
Domain Reload Profiling:
	ReloadAssembly (1979ms)
		BeginReloadAssembly (238ms)
			ExecutionOrderSort (0ms)
			DisableScriptedObjects (13ms)
			BackupInstance (0ms)
			ReleaseScriptingObjects (0ms)
			CreateAndSetChildDomain (52ms)
		EndReloadAssembly (1550ms)
			LoadAssemblies (190ms)
			RebuildTransferFunctionScriptingTraits (0ms)
			SetupTypeCache (459ms)
			ReleaseScriptCaches (3ms)
			RebuildScriptCaches (103ms)
			SetupLoadedEditorAssemblies (731ms)
				LogAssemblyErrors (0ms)
				InitializePlatformSupportModulesInManaged (12ms)
				SetLoadedEditorAssemblies (0ms)
				RefreshPlugins (1ms)
				BeforeProcessingInitializeOnLoad (164ms)
				ProcessInitializeOnLoadAttributes (390ms)
				ProcessInitializeOnLoadMethodAttributes (145ms)
				AfterProcessingInitializeOnLoad (18ms)
				EditorAssembliesLoaded (0ms)
			ExecutionOrderSort2 (0ms)
			AwakeInstancesAfterBackupRestoration (15ms)
Platform modules already initialized, skipping
Refreshing native plugins compatible for Editor in 12.14 ms, found 4 plugins.
Preloading 0 native plugins for Editor in 0.00 ms.
Unloading 5142 Unused Serialized files (Serialized files now loaded: 0)
Unloading 42 unused Assets / (1.2 MB). Loaded Objects now: 5781.
Memory consumption went from 200.3 MB to 199.1 MB.
Total: 6.216400 ms (FindLiveObjects: 0.542300 ms CreateObjectMapping: 0.414600 ms MarkObjects: 4.238500 ms  DeleteObjects: 1.019500 ms)

AssetImportParameters requested are different than current active one (requested -> active):
  custom:video-decoder-ogg-theora: a1e56fd34408186e4bbccfd4996cb3dc -> 
  custom:container-muxer-webm: aa71ff27fc2769a1b78a27578f13a17b -> 
  custom:container-demuxer-webm: 4f35f7cbe854078d1ac9338744f61a02 -> 
  custom:video-encoder-webm-vp8: eb34c28f22e8b96e1ab97ce403110664 -> 
  custom:audio-encoder-webm-vorbis: bf7c407c2cedff20999df2af8eb42d56 -> 
  custom:framework-win-MediaFoundation: 216162199b28c13a410421893ffa2e32 -> 
  custom:container-demuxer-ogg: 62fdf1f143b41e24485cea50d1cbac27 -> 
  custom:video-decoder-webm-vp8: 9c59270c3fd7afecdb556c50c9e8de78 -> 
  custom:audio-decoder-ogg-vorbis: bf7c407c2cedff20999df2af8eb42d56 -> 
========================================================================
Received Prepare
Registering precompiled user dll's ...
Registered in 0.023305 seconds.
Begin MonoManager ReloadAssembly
Symbol file LoadedFromMemory doesn't match image C:\Users\34992\Unity_Projects\SpaceGame-RPG\SpaceGame\Library\PackageCache\com.unity.visualscripting@1.8.0\Editor\VisualScripting.Core\Dependencies\YamlDotNet\Unity.VisualScripting.YamlDotNet.dll
Symbol file LoadedFromMemory doesn't match image C:\Users\34992\Unity_Projects\SpaceGame-RPG\SpaceGame\Library\PackageCache\com.unity.visualscripting@1.8.0\Editor\VisualScripting.Core\Dependencies\DotNetZip\Unity.VisualScripting.IonicZip.dll
Native extension for WindowsStandalone target not found
Native extension for WebGL target not found
Refreshing native plugins compatible for Editor in 1.94 ms, found 4 plugins.
Preloading 0 native plugins for Editor in 0.00 ms.
Mono: successfully reloaded assembly
- Completed reload, in  2.443 seconds
Domain Reload Profiling:
	ReloadAssembly (2444ms)
		BeginReloadAssembly (283ms)
			ExecutionOrderSort (0ms)
			DisableScriptedObjects (18ms)
			BackupInstance (0ms)
			ReleaseScriptingObjects (0ms)
			CreateAndSetChildDomain (66ms)
		EndReloadAssembly (1980ms)
			LoadAssemblies (204ms)
			RebuildTransferFunctionScriptingTraits (0ms)
			SetupTypeCache (670ms)
			ReleaseScriptCaches (4ms)
			RebuildScriptCaches (129ms)
			SetupLoadedEditorAssemblies (882ms)
				LogAssemblyErrors (0ms)
				InitializePlatformSupportModulesInManaged (16ms)
				SetLoadedEditorAssemblies (1ms)
				RefreshPlugins (2ms)
				BeforeProcessingInitializeOnLoad (199ms)
				ProcessInitializeOnLoadAttributes (453ms)
				ProcessInitializeOnLoadMethodAttributes (190ms)
				AfterProcessingInitializeOnLoad (21ms)
				EditorAssembliesLoaded (1ms)
			ExecutionOrderSort2 (0ms)
			AwakeInstancesAfterBackupRestoration (17ms)
Platform modules already initialized, skipping
Refreshing native plugins compatible for Editor in 7.45 ms, found 4 plugins.
Preloading 0 native plugins for Editor in 0.00 ms.
Unloading 5142 Unused Serialized files (Serialized files now loaded: 0)
Unloading 42 unused Assets / (1.2 MB). Loaded Objects now: 5784.
Memory consumption went from 200.3 MB to 199.1 MB.
Total: 9.351900 ms (FindLiveObjects: 0.654100 ms CreateObjectMapping: 1.013000 ms MarkObjects: 6.599000 ms  DeleteObjects: 1.083200 ms)

AssetImportParameters requested are different than current active one (requested -> active):
  custom:video-decoder-ogg-theora: a1e56fd34408186e4bbccfd4996cb3dc -> 
  custom:container-muxer-webm: aa71ff27fc2769a1b78a27578f13a17b -> 
  custom:container-demuxer-webm: 4f35f7cbe854078d1ac9338744f61a02 -> 
  custom:video-encoder-webm-vp8: eb34c28f22e8b96e1ab97ce403110664 -> 
  custom:audio-encoder-webm-vorbis: bf7c407c2cedff20999df2af8eb42d56 -> 
  custom:framework-win-MediaFoundation: 216162199b28c13a410421893ffa2e32 -> 
  custom:container-demuxer-ogg: 62fdf1f143b41e24485cea50d1cbac27 -> 
  custom:video-decoder-webm-vp8: 9c59270c3fd7afecdb556c50c9e8de78 -> 
  custom:audio-decoder-ogg-vorbis: bf7c407c2cedff20999df2af8eb42d56 -> 
========================================================================
Received Prepare
Registering precompiled user dll's ...
Registered in 0.012104 seconds.
Begin MonoManager ReloadAssembly
Symbol file LoadedFromMemory doesn't match image C:\Users\34992\Unity_Projects\SpaceGame-RPG\SpaceGame\Library\PackageCache\com.unity.visualscripting@1.8.0\Editor\VisualScripting.Core\Dependencies\YamlDotNet\Unity.VisualScripting.YamlDotNet.dll
Symbol file LoadedFromMemory doesn't match image C:\Users\34992\Unity_Projects\SpaceGame-RPG\SpaceGame\Library\PackageCache\com.unity.visualscripting@1.8.0\Editor\VisualScripting.Core\Dependencies\DotNetZip\Unity.VisualScripting.IonicZip.dll
Native extension for WindowsStandalone target not found
Native extension for WebGL target not found
Refreshing native plugins compatible for Editor in 1.67 ms, found 4 plugins.
Preloading 0 native plugins for Editor in 0.00 ms.
Mono: successfully reloaded assembly
- Completed reload, in  2.356 seconds
Domain Reload Profiling:
	ReloadAssembly (2357ms)
		BeginReloadAssembly (260ms)
			ExecutionOrderSort (0ms)
			DisableScriptedObjects (15ms)
			BackupInstance (0ms)
			ReleaseScriptingObjects (0ms)
			CreateAndSetChildDomain (57ms)
		EndReloadAssembly (1879ms)
			LoadAssemblies (206ms)
			RebuildTransferFunctionScriptingTraits (0ms)
			SetupTypeCache (533ms)
			ReleaseScriptCaches (4ms)
			RebuildScriptCaches (129ms)
			SetupLoadedEditorAssemblies (917ms)
				LogAssemblyErrors (0ms)
				InitializePlatformSupportModulesInManaged (19ms)
				SetLoadedEditorAssemblies (1ms)
				RefreshPlugins (2ms)
				BeforeProcessingInitializeOnLoad (206ms)
				ProcessInitializeOnLoadAttributes (482ms)
				ProcessInitializeOnLoadMethodAttributes (177ms)
				AfterProcessingInitializeOnLoad (30ms)
				EditorAssembliesLoaded (0ms)
			ExecutionOrderSort2 (0ms)
			AwakeInstancesAfterBackupRestoration (18ms)
Platform modules already initialized, skipping
Refreshing native plugins compatible for Editor in 6.89 ms, found 4 plugins.
Preloading 0 native plugins for Editor in 0.00 ms.
Unloading 5142 Unused Serialized files (Serialized files now loaded: 0)
Unloading 42 unused Assets / (1.2 MB). Loaded Objects now: 5787.
Memory consumption went from 200.3 MB to 199.1 MB.
Total: 7.822400 ms (FindLiveObjects: 0.589500 ms CreateObjectMapping: 0.983400 ms MarkObjects: 5.266100 ms  DeleteObjects: 0.981200 ms)

AssetImportParameters requested are different than current active one (requested -> active):
  custom:video-decoder-ogg-theora: a1e56fd34408186e4bbccfd4996cb3dc -> 
  custom:container-muxer-webm: aa71ff27fc2769a1b78a27578f13a17b -> 
  custom:container-demuxer-webm: 4f35f7cbe854078d1ac9338744f61a02 -> 
  custom:video-encoder-webm-vp8: eb34c28f22e8b96e1ab97ce403110664 -> 
  custom:audio-encoder-webm-vorbis: bf7c407c2cedff20999df2af8eb42d56 -> 
  custom:framework-win-MediaFoundation: 216162199b28c13a410421893ffa2e32 -> 
  custom:container-demuxer-ogg: 62fdf1f143b41e24485cea50d1cbac27 -> 
  custom:video-decoder-webm-vp8: 9c59270c3fd7afecdb556c50c9e8de78 -> 
  custom:audio-decoder-ogg-vorbis: bf7c407c2cedff20999df2af8eb42d56 -> 
========================================================================
Received Prepare
Registering precompiled user dll's ...
Registered in 0.020400 seconds.
Begin MonoManager ReloadAssembly
Symbol file LoadedFromMemory doesn't match image C:\Users\34992\Unity_Projects\SpaceGame-RPG\SpaceGame\Library\PackageCache\com.unity.visualscripting@1.8.0\Editor\VisualScripting.Core\Dependencies\YamlDotNet\Unity.VisualScripting.YamlDotNet.dll
Symbol file LoadedFromMemory doesn't match image C:\Users\34992\Unity_Projects\SpaceGame-RPG\SpaceGame\Library\PackageCache\com.unity.visualscripting@1.8.0\Editor\VisualScripting.Core\Dependencies\DotNetZip\Unity.VisualScripting.IonicZip.dll
Native extension for WindowsStandalone target not found
Native extension for WebGL target not found
Refreshing native plugins compatible for Editor in 1.46 ms, found 4 plugins.
Preloading 0 native plugins for Editor in 0.00 ms.
Mono: successfully reloaded assembly
- Completed reload, in  1.951 seconds
Domain Reload Profiling:
	ReloadAssembly (1952ms)
		BeginReloadAssembly (251ms)
			ExecutionOrderSort (0ms)
			DisableScriptedObjects (15ms)
			BackupInstance (0ms)
			ReleaseScriptingObjects (0ms)
			CreateAndSetChildDomain (58ms)
		EndReloadAssembly (1516ms)
			LoadAssemblies (198ms)
			RebuildTransferFunctionScriptingTraits (0ms)
			SetupTypeCache (434ms)
			ReleaseScriptCaches (2ms)
			RebuildScriptCaches (91ms)
			SetupLoadedEditorAssemblies (755ms)
				LogAssemblyErrors (0ms)
				InitializePlatformSupportModulesInManaged (12ms)
				SetLoadedEditorAssemblies (1ms)
				RefreshPlugins (2ms)
				BeforeProcessingInitializeOnLoad (179ms)
				ProcessInitializeOnLoadAttributes (401ms)
				ProcessInitializeOnLoadMethodAttributes (139ms)
				AfterProcessingInitializeOnLoad (20ms)
				EditorAssembliesLoaded (0ms)
			ExecutionOrderSort2 (0ms)
			AwakeInstancesAfterBackupRestoration (15ms)
Platform modules already initialized, skipping
Refreshing native plugins compatible for Editor in 7.04 ms, found 4 plugins.
Preloading 0 native plugins for Editor in 0.00 ms.
Unloading 5142 Unused Serialized files (Serialized files now loaded: 0)
Unloading 42 unused Assets / (1.2 MB). Loaded Objects now: 5790.
Memory consumption went from 200.3 MB to 199.1 MB.
Total: 7.859500 ms (FindLiveObjects: 0.742300 ms CreateObjectMapping: 1.010200 ms MarkObjects: 4.926000 ms  DeleteObjects: 1.179100 ms)

AssetImportParameters requested are different than current active one (requested -> active):
  custom:video-decoder-ogg-theora: a1e56fd34408186e4bbccfd4996cb3dc -> 
  custom:container-muxer-webm: aa71ff27fc2769a1b78a27578f13a17b -> 
  custom:container-demuxer-webm: 4f35f7cbe854078d1ac9338744f61a02 -> 
  custom:video-encoder-webm-vp8: eb34c28f22e8b96e1ab97ce403110664 -> 
  custom:audio-encoder-webm-vorbis: bf7c407c2cedff20999df2af8eb42d56 -> 
  custom:framework-win-MediaFoundation: 216162199b28c13a410421893ffa2e32 -> 
  custom:container-demuxer-ogg: 62fdf1f143b41e24485cea50d1cbac27 -> 
  custom:video-decoder-webm-vp8: 9c59270c3fd7afecdb556c50c9e8de78 -> 
  custom:audio-decoder-ogg-vorbis: bf7c407c2cedff20999df2af8eb42d56 -> 
========================================================================
Received Prepare
Registering precompiled user dll's ...
Registered in 0.017099 seconds.
Begin MonoManager ReloadAssembly
Symbol file LoadedFromMemory doesn't match image C:\Users\34992\Unity_Projects\SpaceGame-RPG\SpaceGame\Library\PackageCache\com.unity.visualscripting@1.8.0\Editor\VisualScripting.Core\Dependencies\YamlDotNet\Unity.VisualScripting.YamlDotNet.dll
Symbol file LoadedFromMemory doesn't match image C:\Users\34992\Unity_Projects\SpaceGame-RPG\SpaceGame\Library\PackageCache\com.unity.visualscripting@1.8.0\Editor\VisualScripting.Core\Dependencies\DotNetZip\Unity.VisualScripting.IonicZip.dll
Native extension for WindowsStandalone target not found
Native extension for WebGL target not found
Refreshing native plugins compatible for Editor in 2.02 ms, found 4 plugins.
Preloading 0 native plugins for Editor in 0.00 ms.
Mono: successfully reloaded assembly
- Completed reload, in  2.170 seconds
Domain Reload Profiling:
	ReloadAssembly (2172ms)
		BeginReloadAssembly (243ms)
			ExecutionOrderSort (0ms)
			DisableScriptedObjects (14ms)
			BackupInstance (0ms)
			ReleaseScriptingObjects (0ms)
			CreateAndSetChildDomain (57ms)
		EndReloadAssembly (1757ms)
			LoadAssemblies (191ms)
			RebuildTransferFunctionScriptingTraits (0ms)
			SetupTypeCache (438ms)
			ReleaseScriptCaches (3ms)
			RebuildScriptCaches (117ms)
			SetupLoadedEditorAssemblies (898ms)
				LogAssemblyErrors (0ms)
				InitializePlatformSupportModulesInManaged (20ms)
				SetLoadedEditorAssemblies (1ms)
				RefreshPlugins (2ms)
				BeforeProcessingInitializeOnLoad (266ms)
				ProcessInitializeOnLoadAttributes (424ms)
				ProcessInitializeOnLoadMethodAttributes (163ms)
				AfterProcessingInitializeOnLoad (20ms)
				EditorAssembliesLoaded (0ms)
			ExecutionOrderSort2 (0ms)
			AwakeInstancesAfterBackupRestoration (15ms)
Platform modules already initialized, skipping
Refreshing native plugins compatible for Editor in 5.52 ms, found 4 plugins.
Preloading 0 native plugins for Editor in 0.00 ms.
Unloading 5142 Unused Serialized files (Serialized files now loaded: 0)
Unloading 42 unused Assets / (1.2 MB). Loaded Objects now: 5793.
Memory consumption went from 200.3 MB to 199.1 MB.
Total: 12.303400 ms (FindLiveObjects: 1.075300 ms CreateObjectMapping: 1.955100 ms MarkObjects: 8.137100 ms  DeleteObjects: 1.132600 ms)

AssetImportParameters requested are different than current active one (requested -> active):
  custom:video-decoder-ogg-theora: a1e56fd34408186e4bbccfd4996cb3dc -> 
  custom:container-muxer-webm: aa71ff27fc2769a1b78a27578f13a17b -> 
  custom:container-demuxer-webm: 4f35f7cbe854078d1ac9338744f61a02 -> 
  custom:video-encoder-webm-vp8: eb34c28f22e8b96e1ab97ce403110664 -> 
  custom:audio-encoder-webm-vorbis: bf7c407c2cedff20999df2af8eb42d56 -> 
  custom:framework-win-MediaFoundation: 216162199b28c13a410421893ffa2e32 -> 
  custom:container-demuxer-ogg: 62fdf1f143b41e24485cea50d1cbac27 -> 
  custom:video-decoder-webm-vp8: 9c59270c3fd7afecdb556c50c9e8de78 -> 
  custom:audio-decoder-ogg-vorbis: bf7c407c2cedff20999df2af8eb42d56 -> 
========================================================================
Received Prepare
Registering precompiled user dll's ...
Registered in 0.017109 seconds.
Begin MonoManager ReloadAssembly
Symbol file LoadedFromMemory doesn't match image C:\Users\34992\Unity_Projects\SpaceGame-RPG\SpaceGame\Library\PackageCache\com.unity.visualscripting@1.8.0\Editor\VisualScripting.Core\Dependencies\YamlDotNet\Unity.VisualScripting.YamlDotNet.dll
Symbol file LoadedFromMemory doesn't match image C:\Users\34992\Unity_Projects\SpaceGame-RPG\SpaceGame\Library\PackageCache\com.unity.visualscripting@1.8.0\Editor\VisualScripting.Core\Dependencies\DotNetZip\Unity.VisualScripting.IonicZip.dll
Native extension for WindowsStandalone target not found
Native extension for WebGL target not found
Refreshing native plugins compatible for Editor in 1.25 ms, found 4 plugins.
Preloading 0 native plugins for Editor in 0.00 ms.
Mono: successfully reloaded assembly
- Completed reload, in  1.922 seconds
Domain Reload Profiling:
	ReloadAssembly (1923ms)
		BeginReloadAssembly (230ms)
			ExecutionOrderSort (0ms)
			DisableScriptedObjects (11ms)
			BackupInstance (0ms)
			ReleaseScriptingObjects (0ms)
			CreateAndSetChildDomain (57ms)
		EndReloadAssembly (1519ms)
			LoadAssemblies (172ms)
			RebuildTransferFunctionScriptingTraits (0ms)
			SetupTypeCache (426ms)
			ReleaseScriptCaches (4ms)
			RebuildScriptCaches (118ms)
			SetupLoadedEditorAssemblies (718ms)
				LogAssemblyErrors (0ms)
				InitializePlatformSupportModulesInManaged (14ms)
				SetLoadedEditorAssemblies (1ms)
				RefreshPlugins (1ms)
				BeforeProcessingInitializeOnLoad (166ms)
				ProcessInitializeOnLoadAttributes (376ms)
				ProcessInitializeOnLoadMethodAttributes (143ms)
				AfterProcessingInitializeOnLoad (17ms)
				EditorAssembliesLoaded (0ms)
			ExecutionOrderSort2 (0ms)
			AwakeInstancesAfterBackupRestoration (15ms)
Platform modules already initialized, skipping
Refreshing native plugins compatible for Editor in 7.77 ms, found 4 plugins.
Preloading 0 native plugins for Editor in 0.00 ms.
Unloading 5142 Unused Serialized files (Serialized files now loaded: 0)
Unloading 42 unused Assets / (1.2 MB). Loaded Objects now: 5796.
Memory consumption went from 200.3 MB to 199.1 MB.
Total: 7.959900 ms (FindLiveObjects: 0.661600 ms CreateObjectMapping: 0.868900 ms MarkObjects: 5.221200 ms  DeleteObjects: 1.206200 ms)

AssetImportParameters requested are different than current active one (requested -> active):
  custom:video-decoder-ogg-theora: a1e56fd34408186e4bbccfd4996cb3dc -> 
  custom:container-muxer-webm: aa71ff27fc2769a1b78a27578f13a17b -> 
  custom:container-demuxer-webm: 4f35f7cbe854078d1ac9338744f61a02 -> 
  custom:video-encoder-webm-vp8: eb34c28f22e8b96e1ab97ce403110664 -> 
  custom:audio-encoder-webm-vorbis: bf7c407c2cedff20999df2af8eb42d56 -> 
  custom:framework-win-MediaFoundation: 216162199b28c13a410421893ffa2e32 -> 
  custom:container-demuxer-ogg: 62fdf1f143b41e24485cea50d1cbac27 -> 
  custom:video-decoder-webm-vp8: 9c59270c3fd7afecdb556c50c9e8de78 -> 
  custom:audio-decoder-ogg-vorbis: bf7c407c2cedff20999df2af8eb42d56 -> 
========================================================================
Received Prepare
Registering precompiled user dll's ...
Registered in 0.019587 seconds.
Begin MonoManager ReloadAssembly
Symbol file LoadedFromMemory doesn't match image C:\Users\34992\Unity_Projects\SpaceGame-RPG\SpaceGame\Library\PackageCache\com.unity.visualscripting@1.8.0\Editor\VisualScripting.Core\Dependencies\YamlDotNet\Unity.VisualScripting.YamlDotNet.dll
Symbol file LoadedFromMemory doesn't match image C:\Users\34992\Unity_Projects\SpaceGame-RPG\SpaceGame\Library\PackageCache\com.unity.visualscripting@1.8.0\Editor\VisualScripting.Core\Dependencies\DotNetZip\Unity.VisualScripting.IonicZip.dll
Native extension for WindowsStandalone target not found
Native extension for WebGL target not found
Refreshing native plugins compatible for Editor in 1.51 ms, found 4 plugins.
Preloading 0 native plugins for Editor in 0.00 ms.
Mono: successfully reloaded assembly
- Completed reload, in  1.894 seconds
Domain Reload Profiling:
	ReloadAssembly (1895ms)
		BeginReloadAssembly (247ms)
			ExecutionOrderSort (0ms)
			DisableScriptedObjects (12ms)
			BackupInstance (0ms)
			ReleaseScriptingObjects (0ms)
			CreateAndSetChildDomain (61ms)
		EndReloadAssembly (1475ms)
			LoadAssemblies (181ms)
			RebuildTransferFunctionScriptingTraits (0ms)
			SetupTypeCache (442ms)
			ReleaseScriptCaches (4ms)
			RebuildScriptCaches (86ms)
			SetupLoadedEditorAssemblies (718ms)
				LogAssemblyErrors (0ms)
				InitializePlatformSupportModulesInManaged (13ms)
				SetLoadedEditorAssemblies (1ms)
				RefreshPlugins (2ms)
				BeforeProcessingInitializeOnLoad (159ms)
				ProcessInitializeOnLoadAttributes (386ms)
				ProcessInitializeOnLoadMethodAttributes (140ms)
				AfterProcessingInitializeOnLoad (17ms)
				EditorAssembliesLoaded (0ms)
			ExecutionOrderSort2 (0ms)
			AwakeInstancesAfterBackupRestoration (14ms)
Platform modules already initialized, skipping
Refreshing native plugins compatible for Editor in 9.86 ms, found 4 plugins.
Preloading 0 native plugins for Editor in 0.00 ms.
Unloading 5142 Unused Serialized files (Serialized files now loaded: 0)
Unloading 42 unused Assets / (1.2 MB). Loaded Objects now: 5799.
Memory consumption went from 200.3 MB to 199.1 MB.
Total: 8.666600 ms (FindLiveObjects: 0.645900 ms CreateObjectMapping: 1.197600 ms MarkObjects: 5.603100 ms  DeleteObjects: 1.217500 ms)

AssetImportParameters requested are different than current active one (requested -> active):
  custom:video-decoder-ogg-theora: a1e56fd34408186e4bbccfd4996cb3dc -> 
  custom:container-muxer-webm: aa71ff27fc2769a1b78a27578f13a17b -> 
  custom:container-demuxer-webm: 4f35f7cbe854078d1ac9338744f61a02 -> 
  custom:video-encoder-webm-vp8: eb34c28f22e8b96e1ab97ce403110664 -> 
  custom:audio-encoder-webm-vorbis: bf7c407c2cedff20999df2af8eb42d56 -> 
  custom:framework-win-MediaFoundation: 216162199b28c13a410421893ffa2e32 -> 
  custom:container-demuxer-ogg: 62fdf1f143b41e24485cea50d1cbac27 -> 
  custom:video-decoder-webm-vp8: 9c59270c3fd7afecdb556c50c9e8de78 -> 
  custom:audio-decoder-ogg-vorbis: bf7c407c2cedff20999df2af8eb42d56 -> 
========================================================================
Received Prepare
Registering precompiled user dll's ...
Registered in 0.017425 seconds.
Begin MonoManager ReloadAssembly
Symbol file LoadedFromMemory doesn't match image C:\Users\34992\Unity_Projects\SpaceGame-RPG\SpaceGame\Library\PackageCache\com.unity.visualscripting@1.8.0\Editor\VisualScripting.Core\Dependencies\YamlDotNet\Unity.VisualScripting.YamlDotNet.dll
Symbol file LoadedFromMemory doesn't match image C:\Users\34992\Unity_Projects\SpaceGame-RPG\SpaceGame\Library\PackageCache\com.unity.visualscripting@1.8.0\Editor\VisualScripting.Core\Dependencies\DotNetZip\Unity.VisualScripting.IonicZip.dll
Native extension for WindowsStandalone target not found
Native extension for WebGL target not found
Refreshing native plugins compatible for Editor in 1.61 ms, found 4 plugins.
Preloading 0 native plugins for Editor in 0.00 ms.
Mono: successfully reloaded assembly
- Completed reload, in  2.802 seconds
Domain Reload Profiling:
	ReloadAssembly (2804ms)
		BeginReloadAssembly (508ms)
			ExecutionOrderSort (0ms)
			DisableScriptedObjects (9ms)
			BackupInstance (0ms)
			ReleaseScriptingObjects (0ms)
			CreateAndSetChildDomain (89ms)
		EndReloadAssembly (2072ms)
			LoadAssemblies (419ms)
			RebuildTransferFunctionScriptingTraits (0ms)
			SetupTypeCache (811ms)
			ReleaseScriptCaches (5ms)
			RebuildScriptCaches (117ms)
			SetupLoadedEditorAssemblies (734ms)
				LogAssemblyErrors (0ms)
				InitializePlatformSupportModulesInManaged (19ms)
				SetLoadedEditorAssemblies (1ms)
				RefreshPlugins (2ms)
				BeforeProcessingInitializeOnLoad (171ms)
				ProcessInitializeOnLoadAttributes (369ms)
				ProcessInitializeOnLoadMethodAttributes (156ms)
				AfterProcessingInitializeOnLoad (16ms)
				EditorAssembliesLoaded (0ms)
			ExecutionOrderSort2 (0ms)
			AwakeInstancesAfterBackupRestoration (13ms)
Platform modules already initialized, skipping
Refreshing native plugins compatible for Editor in 5.66 ms, found 4 plugins.
Preloading 0 native plugins for Editor in 0.00 ms.
Unloading 5142 Unused Serialized files (Serialized files now loaded: 0)
Unloading 42 unused Assets / (1.2 MB). Loaded Objects now: 5802.
Memory consumption went from 200.4 MB to 199.1 MB.
Total: 9.324500 ms (FindLiveObjects: 0.635600 ms CreateObjectMapping: 1.051900 ms MarkObjects: 6.444300 ms  DeleteObjects: 1.190500 ms)

AssetImportParameters requested are different than current active one (requested -> active):
  custom:video-decoder-ogg-theora: a1e56fd34408186e4bbccfd4996cb3dc -> 
  custom:container-muxer-webm: aa71ff27fc2769a1b78a27578f13a17b -> 
  custom:container-demuxer-webm: 4f35f7cbe854078d1ac9338744f61a02 -> 
  custom:video-encoder-webm-vp8: eb34c28f22e8b96e1ab97ce403110664 -> 
  custom:audio-encoder-webm-vorbis: bf7c407c2cedff20999df2af8eb42d56 -> 
  custom:framework-win-MediaFoundation: 216162199b28c13a410421893ffa2e32 -> 
  custom:container-demuxer-ogg: 62fdf1f143b41e24485cea50d1cbac27 -> 
  custom:video-decoder-webm-vp8: 9c59270c3fd7afecdb556c50c9e8de78 -> 
  custom:audio-decoder-ogg-vorbis: bf7c407c2cedff20999df2af8eb42d56 -> 
========================================================================
Received Import Request.
  Time since last request: 2772.537203 seconds.
  path: Assets/TilePalettes/HomeStationTP.prefab
  artifactKey: Guid(047ae056962476047a436294a3dad8ce) Importer(815301076,1909f56bfc062723c751e8b465ee728b)
Start importing Assets/TilePalettes/HomeStationTP.prefab using Guid(047ae056962476047a436294a3dad8ce) Importer(815301076,1909f56bfc062723c751e8b465ee728b)  -> (artifact id: 'c266fde4964f8acef709c400f6f7f5a9') in 0.799932 seconds 
========================================================================
Received Import Request.
  Time since last request: 390.826400 seconds.
  path: Assets/Universal2DRenderer Data.asset
  artifactKey: Guid(76e5c38e70b8f3f40b368e2365761000) Importer(815301076,1909f56bfc062723c751e8b465ee728b)
Start importing Assets/Universal2DRenderer Data.asset using Guid(76e5c38e70b8f3f40b368e2365761000) Importer(815301076,1909f56bfc062723c751e8b465ee728b)  -> (artifact id: 'da03e69a25bb14e422f7a5dd279827c4') in 0.045278 seconds 
========================================================================
Received Import Request.
  Time since last request: 102.675462 seconds.
  path: Assets/2D Renderer.asset
  artifactKey: Guid(2a850b31148ed4b4b8644753450e7109) Importer(815301076,1909f56bfc062723c751e8b465ee728b)
Start importing Assets/2D Renderer.asset using Guid(2a850b31148ed4b4b8644753450e7109) Importer(815301076,1909f56bfc062723c751e8b465ee728b)  -> (artifact id: 'c08d5cb872715b9909cc642b4f5e6b49') in 0.043966 seconds 
========================================================================
Received Import Request.
  Time since last request: 110.081690 seconds.
  path: Assets/Settings/UniversalRP.asset
  artifactKey: Guid(681886c5eb7344803b6206f758bf0b1c) Importer(815301076,1909f56bfc062723c751e8b465ee728b)
Start importing Assets/Settings/UniversalRP.asset using Guid(681886c5eb7344803b6206f758bf0b1c) Importer(815301076,1909f56bfc062723c751e8b465ee728b)  -> (artifact id: '8fd0d744cad13a06a30645a85709f93a') in 0.077809 seconds 
========================================================================
Received Prepare
Switching render pipeline 00000000000000000000000000000000 -> 2a850b31148ed4b4b8644753450e7109
Refreshing native plugins compatible for Editor in 17.25 ms, found 4 plugins.
Preloading 0 native plugins for Editor in 0.00 ms.
Unloading 89 Unused Serialized files (Serialized files now loaded: 0)
Unloading 42 unused Assets / (1.2 MB). Loaded Objects now: 5850.
Memory consumption went from 102.3 MB to 101.1 MB.
Total: 9.477500 ms (FindLiveObjects: 0.577600 ms CreateObjectMapping: 0.764400 ms MarkObjects: 6.971100 ms  DeleteObjects: 1.162700 ms)

AssetImportParameters requested are different than current active one (requested -> active):
  custom:video-decoder-ogg-theora: a1e56fd34408186e4bbccfd4996cb3dc -> 
  custom:container-muxer-webm: aa71ff27fc2769a1b78a27578f13a17b -> 
  custom:container-demuxer-webm: 4f35f7cbe854078d1ac9338744f61a02 -> 
  custom:video-encoder-webm-vp8: eb34c28f22e8b96e1ab97ce403110664 -> 
  custom:audio-encoder-webm-vorbis: bf7c407c2cedff20999df2af8eb42d56 -> 
  custom:framework-win-MediaFoundation: 216162199b28c13a410421893ffa2e32 -> 
  custom:container-demuxer-ogg: 62fdf1f143b41e24485cea50d1cbac27 -> 
  custom:video-decoder-webm-vp8: 9c59270c3fd7afecdb556c50c9e8de78 -> 
  custom:audio-decoder-ogg-vorbis: bf7c407c2cedff20999df2af8eb42d56 -> 
========================================================================
Received Import Request.
  Time since last request: 24.311387 seconds.
  path: Assets/Universal2DRenderer Data.asset
  artifactKey: Guid(76e5c38e70b8f3f40b368e2365761000) Importer(815301076,1909f56bfc062723c751e8b465ee728b)
Start importing Assets/Universal2DRenderer Data.asset using Guid(76e5c38e70b8f3f40b368e2365761000) Importer(815301076,1909f56bfc062723c751e8b465ee728b)  -> (artifact id: '81d08960c1171fc6369fb257d6348ecc') in 0.010232 seconds 
========================================================================
Received Import Request.
  Time since last request: 0.000035 seconds.
  path: Assets/2D Renderer_Renderer.asset
  artifactKey: Guid(88e4a5e149f64f948a9b3ba38ac1095d) Importer(815301076,1909f56bfc062723c751e8b465ee728b)
Start importing Assets/2D Renderer_Renderer.asset using Guid(88e4a5e149f64f948a9b3ba38ac1095d) Importer(815301076,1909f56bfc062723c751e8b465ee728b)  -> (artifact id: '5f239c5efafa6468ebc46543d04d0d73') in 0.008467 seconds 
========================================================================
Received Prepare
Registering precompiled user dll's ...
Registered in 0.021635 seconds.
Begin MonoManager ReloadAssembly
Symbol file LoadedFromMemory doesn't match image C:\Users\34992\Unity_Projects\SpaceGame-RPG\SpaceGame\Library\PackageCache\com.unity.visualscripting@1.8.0\Editor\VisualScripting.Core\Dependencies\YamlDotNet\Unity.VisualScripting.YamlDotNet.dll
Symbol file LoadedFromMemory doesn't match image C:\Users\34992\Unity_Projects\SpaceGame-RPG\SpaceGame\Library\PackageCache\com.unity.visualscripting@1.8.0\Editor\VisualScripting.Core\Dependencies\DotNetZip\Unity.VisualScripting.IonicZip.dll
Native extension for WindowsStandalone target not found
Native extension for WebGL target not found
Refreshing native plugins compatible for Editor in 1.12 ms, found 4 plugins.
Preloading 0 native plugins for Editor in 0.00 ms.
Mono: successfully reloaded assembly
- Completed reload, in  1.800 seconds
Domain Reload Profiling:
	ReloadAssembly (1802ms)
		BeginReloadAssembly (235ms)
			ExecutionOrderSort (0ms)
			DisableScriptedObjects (11ms)
			BackupInstance (0ms)
			ReleaseScriptingObjects (0ms)
			CreateAndSetChildDomain (61ms)
		EndReloadAssembly (1401ms)
			LoadAssemblies (181ms)
			RebuildTransferFunctionScriptingTraits (0ms)
			SetupTypeCache (394ms)
			ReleaseScriptCaches (4ms)
			RebuildScriptCaches (78ms)
			SetupLoadedEditorAssemblies (688ms)
				LogAssemblyErrors (0ms)
				InitializePlatformSupportModulesInManaged (17ms)
				SetLoadedEditorAssemblies (1ms)
				RefreshPlugins (1ms)
				BeforeProcessingInitializeOnLoad (149ms)
				ProcessInitializeOnLoadAttributes (367ms)
				ProcessInitializeOnLoadMethodAttributes (135ms)
				AfterProcessingInitializeOnLoad (17ms)
				EditorAssembliesLoaded (0ms)
			ExecutionOrderSort2 (0ms)
			AwakeInstancesAfterBackupRestoration (15ms)
Platform modules already initialized, skipping
Switching render pipeline 00000000000000000000000000000000 -> 2a850b31148ed4b4b8644753450e7109
Refreshing native plugins compatible for Editor in 6.81 ms, found 4 plugins.
Preloading 0 native plugins for Editor in 0.00 ms.
Unloading 5142 Unused Serialized files (Serialized files now loaded: 0)
Unloading 42 unused Assets / (1.2 MB). Loaded Objects now: 5852.
Memory consumption went from 203.5 MB to 202.3 MB.
Total: 11.652400 ms (FindLiveObjects: 0.697100 ms CreateObjectMapping: 1.379800 ms MarkObjects: 7.717100 ms  DeleteObjects: 1.856700 ms)

AssetImportParameters requested are different than current active one (requested -> active):
  custom:video-decoder-ogg-theora: a1e56fd34408186e4bbccfd4996cb3dc -> 
  custom:container-muxer-webm: aa71ff27fc2769a1b78a27578f13a17b -> 
  custom:container-demuxer-webm: 4f35f7cbe854078d1ac9338744f61a02 -> 
  custom:video-encoder-webm-vp8: eb34c28f22e8b96e1ab97ce403110664 -> 
  custom:audio-encoder-webm-vorbis: bf7c407c2cedff20999df2af8eb42d56 -> 
  custom:framework-win-MediaFoundation: 216162199b28c13a410421893ffa2e32 -> 
  custom:container-demuxer-ogg: 62fdf1f143b41e24485cea50d1cbac27 -> 
  custom:video-decoder-webm-vp8: 9c59270c3fd7afecdb556c50c9e8de78 -> 
  custom:audio-decoder-ogg-vorbis: bf7c407c2cedff20999df2af8eb42d56 -> 
========================================================================
Received Prepare
Registering precompiled user dll's ...
Registered in 0.011384 seconds.
Begin MonoManager ReloadAssembly
Symbol file LoadedFromMemory doesn't match image C:\Users\34992\Unity_Projects\SpaceGame-RPG\SpaceGame\Library\PackageCache\com.unity.visualscripting@1.8.0\Editor\VisualScripting.Core\Dependencies\YamlDotNet\Unity.VisualScripting.YamlDotNet.dll
Symbol file LoadedFromMemory doesn't match image C:\Users\34992\Unity_Projects\SpaceGame-RPG\SpaceGame\Library\PackageCache\com.unity.visualscripting@1.8.0\Editor\VisualScripting.Core\Dependencies\DotNetZip\Unity.VisualScripting.IonicZip.dll
Native extension for WindowsStandalone target not found
Native extension for WebGL target not found
Refreshing native plugins compatible for Editor in 1.42 ms, found 4 plugins.
Preloading 0 native plugins for Editor in 0.00 ms.
Mono: successfully reloaded assembly
- Completed reload, in  1.834 seconds
Domain Reload Profiling:
	ReloadAssembly (1835ms)
		BeginReloadAssembly (228ms)
			ExecutionOrderSort (0ms)
			DisableScriptedObjects (13ms)
			BackupInstance (0ms)
			ReleaseScriptingObjects (0ms)
			CreateAndSetChildDomain (51ms)
		EndReloadAssembly (1438ms)
			LoadAssemblies (177ms)
			RebuildTransferFunctionScriptingTraits (0ms)
			SetupTypeCache (411ms)
			ReleaseScriptCaches (3ms)
			RebuildScriptCaches (84ms)
			SetupLoadedEditorAssemblies (703ms)
				LogAssemblyErrors (0ms)
				InitializePlatformSupportModulesInManaged (13ms)
				SetLoadedEditorAssemblies (1ms)
				RefreshPlugins (2ms)
				BeforeProcessingInitializeOnLoad (164ms)
				ProcessInitializeOnLoadAttributes (369ms)
				ProcessInitializeOnLoadMethodAttributes (138ms)
				AfterProcessingInitializeOnLoad (16ms)
				EditorAssembliesLoaded (0ms)
			ExecutionOrderSort2 (0ms)
			AwakeInstancesAfterBackupRestoration (15ms)
Platform modules already initialized, skipping
Refreshing native plugins compatible for Editor in 6.32 ms, found 4 plugins.
Preloading 0 native plugins for Editor in 0.00 ms.
Unloading 5142 Unused Serialized files (Serialized files now loaded: 0)
Unloading 42 unused Assets / (1.2 MB). Loaded Objects now: 5855.
Memory consumption went from 203.6 MB to 202.3 MB.
Total: 7.390500 ms (FindLiveObjects: 0.605500 ms CreateObjectMapping: 0.931500 ms MarkObjects: 4.804500 ms  DeleteObjects: 1.047100 ms)

AssetImportParameters requested are different than current active one (requested -> active):
  custom:video-decoder-ogg-theora: a1e56fd34408186e4bbccfd4996cb3dc -> 
  custom:container-muxer-webm: aa71ff27fc2769a1b78a27578f13a17b -> 
  custom:container-demuxer-webm: 4f35f7cbe854078d1ac9338744f61a02 -> 
  custom:video-encoder-webm-vp8: eb34c28f22e8b96e1ab97ce403110664 -> 
  custom:audio-encoder-webm-vorbis: bf7c407c2cedff20999df2af8eb42d56 -> 
  custom:framework-win-MediaFoundation: 216162199b28c13a410421893ffa2e32 -> 
  custom:container-demuxer-ogg: 62fdf1f143b41e24485cea50d1cbac27 -> 
  custom:video-decoder-webm-vp8: 9c59270c3fd7afecdb556c50c9e8de78 -> 
  custom:audio-decoder-ogg-vorbis: bf7c407c2cedff20999df2af8eb42d56 -> 
========================================================================
Received Prepare
Registering precompiled user dll's ...
Registered in 0.026265 seconds.
Begin MonoManager ReloadAssembly
Symbol file LoadedFromMemory doesn't match image C:\Users\34992\Unity_Projects\SpaceGame-RPG\SpaceGame\Library\PackageCache\com.unity.visualscripting@1.8.0\Editor\VisualScripting.Core\Dependencies\YamlDotNet\Unity.VisualScripting.YamlDotNet.dll
Symbol file LoadedFromMemory doesn't match image C:\Users\34992\Unity_Projects\SpaceGame-RPG\SpaceGame\Library\PackageCache\com.unity.visualscripting@1.8.0\Editor\VisualScripting.Core\Dependencies\DotNetZip\Unity.VisualScripting.IonicZip.dll
Native extension for WindowsStandalone target not found
Native extension for WebGL target not found
Refreshing native plugins compatible for Editor in 1.34 ms, found 4 plugins.
Preloading 0 native plugins for Editor in 0.00 ms.
Mono: successfully reloaded assembly
- Completed reload, in  2.030 seconds
Domain Reload Profiling:
	ReloadAssembly (2031ms)
		BeginReloadAssembly (232ms)
			ExecutionOrderSort (0ms)
			DisableScriptedObjects (12ms)
			BackupInstance (0ms)
			ReleaseScriptingObjects (0ms)
			CreateAndSetChildDomain (51ms)
		EndReloadAssembly (1609ms)
			LoadAssemblies (174ms)
			RebuildTransferFunctionScriptingTraits (0ms)
			SetupTypeCache (474ms)
			ReleaseScriptCaches (4ms)
			RebuildScriptCaches (100ms)
			SetupLoadedEditorAssemblies (753ms)
				LogAssemblyErrors (0ms)
				InitializePlatformSupportModulesInManaged (16ms)
				SetLoadedEditorAssemblies (1ms)
				RefreshPlugins (1ms)
				BeforeProcessingInitializeOnLoad (208ms)
				ProcessInitializeOnLoadAttributes (369ms)
				ProcessInitializeOnLoadMethodAttributes (140ms)
				AfterProcessingInitializeOnLoad (18ms)
				EditorAssembliesLoaded (0ms)
			ExecutionOrderSort2 (0ms)
			AwakeInstancesAfterBackupRestoration (15ms)
Platform modules already initialized, skipping
Refreshing native plugins compatible for Editor in 10.45 ms, found 4 plugins.
Preloading 0 native plugins for Editor in 0.00 ms.
Unloading 5142 Unused Serialized files (Serialized files now loaded: 0)
Unloading 42 unused Assets / (1.2 MB). Loaded Objects now: 5858.
Memory consumption went from 203.6 MB to 202.3 MB.
Total: 8.856900 ms (FindLiveObjects: 0.626000 ms CreateObjectMapping: 0.914300 ms MarkObjects: 6.091900 ms  DeleteObjects: 1.222800 ms)

AssetImportParameters requested are different than current active one (requested -> active):
  custom:video-decoder-ogg-theora: a1e56fd34408186e4bbccfd4996cb3dc -> 
  custom:container-muxer-webm: aa71ff27fc2769a1b78a27578f13a17b -> 
  custom:container-demuxer-webm: 4f35f7cbe854078d1ac9338744f61a02 -> 
  custom:video-encoder-webm-vp8: eb34c28f22e8b96e1ab97ce403110664 -> 
  custom:audio-encoder-webm-vorbis: bf7c407c2cedff20999df2af8eb42d56 -> 
  custom:framework-win-MediaFoundation: 216162199b28c13a410421893ffa2e32 -> 
  custom:container-demuxer-ogg: 62fdf1f143b41e24485cea50d1cbac27 -> 
  custom:video-decoder-webm-vp8: 9c59270c3fd7afecdb556c50c9e8de78 -> 
  custom:audio-decoder-ogg-vorbis: bf7c407c2cedff20999df2af8eb42d56 -> 
========================================================================
Received Prepare
Registering precompiled user dll's ...
Registered in 0.015525 seconds.
Begin MonoManager ReloadAssembly
Symbol file LoadedFromMemory doesn't match image C:\Users\34992\Unity_Projects\SpaceGame-RPG\SpaceGame\Library\PackageCache\com.unity.visualscripting@1.8.0\Editor\VisualScripting.Core\Dependencies\YamlDotNet\Unity.VisualScripting.YamlDotNet.dll
Symbol file LoadedFromMemory doesn't match image C:\Users\34992\Unity_Projects\SpaceGame-RPG\SpaceGame\Library\PackageCache\com.unity.visualscripting@1.8.0\Editor\VisualScripting.Core\Dependencies\DotNetZip\Unity.VisualScripting.IonicZip.dll
Native extension for WindowsStandalone target not found
Native extension for WebGL target not found
Refreshing native plugins compatible for Editor in 1.55 ms, found 4 plugins.
Preloading 0 native plugins for Editor in 0.00 ms.
Mono: successfully reloaded assembly
- Completed reload, in  2.026 seconds
Domain Reload Profiling:
	ReloadAssembly (2027ms)
		BeginReloadAssembly (254ms)
			ExecutionOrderSort (0ms)
			DisableScriptedObjects (13ms)
			BackupInstance (0ms)
			ReleaseScriptingObjects (0ms)
			CreateAndSetChildDomain (59ms)
		EndReloadAssembly (1570ms)
			LoadAssemblies (194ms)
			RebuildTransferFunctionScriptingTraits (0ms)
			SetupTypeCache (437ms)
			ReleaseScriptCaches (3ms)
			RebuildScriptCaches (101ms)
			SetupLoadedEditorAssemblies (758ms)
				LogAssemblyErrors (0ms)
				InitializePlatformSupportModulesInManaged (14ms)
				SetLoadedEditorAssemblies (1ms)
				RefreshPlugins (2ms)
				BeforeProcessingInitializeOnLoad (159ms)
				ProcessInitializeOnLoadAttributes (412ms)
				ProcessInitializeOnLoadMethodAttributes (150ms)
				AfterProcessingInitializeOnLoad (19ms)
				EditorAssembliesLoaded (0ms)
			ExecutionOrderSort2 (0ms)
			AwakeInstancesAfterBackupRestoration (16ms)
Platform modules already initialized, skipping
Refreshing native plugins compatible for Editor in 8.76 ms, found 4 plugins.
Preloading 0 native plugins for Editor in 0.00 ms.
Unloading 5142 Unused Serialized files (Serialized files now loaded: 0)
Unloading 42 unused Assets / (1.2 MB). Loaded Objects now: 5861.
Memory consumption went from 203.6 MB to 202.3 MB.
Total: 7.865200 ms (FindLiveObjects: 0.534500 ms CreateObjectMapping: 0.926100 ms MarkObjects: 5.331100 ms  DeleteObjects: 1.071000 ms)

AssetImportParameters requested are different than current active one (requested -> active):
  custom:video-decoder-ogg-theora: a1e56fd34408186e4bbccfd4996cb3dc -> 
  custom:container-muxer-webm: aa71ff27fc2769a1b78a27578f13a17b -> 
  custom:container-demuxer-webm: 4f35f7cbe854078d1ac9338744f61a02 -> 
  custom:video-encoder-webm-vp8: eb34c28f22e8b96e1ab97ce403110664 -> 
  custom:audio-encoder-webm-vorbis: bf7c407c2cedff20999df2af8eb42d56 -> 
  custom:framework-win-MediaFoundation: 216162199b28c13a410421893ffa2e32 -> 
  custom:container-demuxer-ogg: 62fdf1f143b41e24485cea50d1cbac27 -> 
  custom:video-decoder-webm-vp8: 9c59270c3fd7afecdb556c50c9e8de78 -> 
  custom:audio-decoder-ogg-vorbis: bf7c407c2cedff20999df2af8eb42d56 -> 
========================================================================
Received Prepare
Registering precompiled user dll's ...
Registered in 0.020525 seconds.
Begin MonoManager ReloadAssembly
Symbol file LoadedFromMemory doesn't match image C:\Users\34992\Unity_Projects\SpaceGame-RPG\SpaceGame\Library\PackageCache\com.unity.visualscripting@1.8.0\Editor\VisualScripting.Core\Dependencies\YamlDotNet\Unity.VisualScripting.YamlDotNet.dll
Symbol file LoadedFromMemory doesn't match image C:\Users\34992\Unity_Projects\SpaceGame-RPG\SpaceGame\Library\PackageCache\com.unity.visualscripting@1.8.0\Editor\VisualScripting.Core\Dependencies\DotNetZip\Unity.VisualScripting.IonicZip.dll
Native extension for WindowsStandalone target not found
Native extension for WebGL target not found
Refreshing native plugins compatible for Editor in 1.48 ms, found 4 plugins.
Preloading 0 native plugins for Editor in 0.00 ms.
Mono: successfully reloaded assembly
- Completed reload, in  2.033 seconds
Domain Reload Profiling:
	ReloadAssembly (2034ms)
		BeginReloadAssembly (259ms)
			ExecutionOrderSort (0ms)
			DisableScriptedObjects (11ms)
			BackupInstance (0ms)
			ReleaseScriptingObjects (0ms)
			CreateAndSetChildDomain (61ms)
		EndReloadAssembly (1586ms)
			LoadAssemblies (205ms)
			RebuildTransferFunctionScriptingTraits (0ms)
			SetupTypeCache (466ms)
			ReleaseScriptCaches (4ms)
			RebuildScriptCaches (93ms)
			SetupLoadedEditorAssemblies (756ms)
				LogAssemblyErrors (0ms)
				InitializePlatformSupportModulesInManaged (14ms)
				SetLoadedEditorAssemblies (1ms)
				RefreshPlugins (2ms)
				BeforeProcessingInitializeOnLoad (164ms)
				ProcessInitializeOnLoadAttributes (403ms)
				ProcessInitializeOnLoadMethodAttributes (152ms)
				AfterProcessingInitializeOnLoad (20ms)
				EditorAssembliesLoaded (0ms)
			ExecutionOrderSort2 (0ms)
			AwakeInstancesAfterBackupRestoration (17ms)
Platform modules already initialized, skipping
Refreshing native plugins compatible for Editor in 8.18 ms, found 4 plugins.
Preloading 0 native plugins for Editor in 0.00 ms.
Unloading 5142 Unused Serialized files (Serialized files now loaded: 0)
Unloading 42 unused Assets / (1.2 MB). Loaded Objects now: 5864.
Memory consumption went from 203.6 MB to 202.4 MB.
Total: 11.017100 ms (FindLiveObjects: 1.240100 ms CreateObjectMapping: 1.210500 ms MarkObjects: 7.297100 ms  DeleteObjects: 1.267400 ms)

AssetImportParameters requested are different than current active one (requested -> active):
  custom:video-decoder-ogg-theora: a1e56fd34408186e4bbccfd4996cb3dc -> 
  custom:container-muxer-webm: aa71ff27fc2769a1b78a27578f13a17b -> 
  custom:container-demuxer-webm: 4f35f7cbe854078d1ac9338744f61a02 -> 
  custom:video-encoder-webm-vp8: eb34c28f22e8b96e1ab97ce403110664 -> 
  custom:audio-encoder-webm-vorbis: bf7c407c2cedff20999df2af8eb42d56 -> 
  custom:framework-win-MediaFoundation: 216162199b28c13a410421893ffa2e32 -> 
  custom:container-demuxer-ogg: 62fdf1f143b41e24485cea50d1cbac27 -> 
  custom:video-decoder-webm-vp8: 9c59270c3fd7afecdb556c50c9e8de78 -> 
  custom:audio-decoder-ogg-vorbis: bf7c407c2cedff20999df2af8eb42d56 -> 
========================================================================
Received Import Request.
  Time since last request: 429.636263 seconds.
  path: Assets/2D Renderer_Renderer.asset
  artifactKey: Guid(88e4a5e149f64f948a9b3ba38ac1095d) Importer(815301076,1909f56bfc062723c751e8b465ee728b)
Start importing Assets/2D Renderer_Renderer.asset using Guid(88e4a5e149f64f948a9b3ba38ac1095d) Importer(815301076,1909f56bfc062723c751e8b465ee728b)  -> (artifact id: 'c735c4d980de3113309193e2912ed26f') in 0.022724 seconds 
========================================================================
Received Import Request.
  Time since last request: 2.784783 seconds.
  path: Assets/InsidePlayerController.cs
  artifactKey: Guid(41e2ddad830b87b47a82e8141b789348) Importer(815301076,1909f56bfc062723c751e8b465ee728b)
Start importing Assets/InsidePlayerController.cs using Guid(41e2ddad830b87b47a82e8141b789348) Importer(815301076,1909f56bfc062723c751e8b465ee728b)  -> (artifact id: 'c325ddff749d3ea464f3be62d51c1e2f') in 0.032341 seconds 
========================================================================
Received Prepare
Registering precompiled user dll's ...
Registered in 0.010842 seconds.
Begin MonoManager ReloadAssembly
Symbol file LoadedFromMemory doesn't match image C:\Users\34992\Unity_Projects\SpaceGame-RPG\SpaceGame\Library\PackageCache\com.unity.visualscripting@1.8.0\Editor\VisualScripting.Core\Dependencies\YamlDotNet\Unity.VisualScripting.YamlDotNet.dll
Symbol file LoadedFromMemory doesn't match image C:\Users\34992\Unity_Projects\SpaceGame-RPG\SpaceGame\Library\PackageCache\com.unity.visualscripting@1.8.0\Editor\VisualScripting.Core\Dependencies\DotNetZip\Unity.VisualScripting.IonicZip.dll
Native extension for WindowsStandalone target not found
Native extension for WebGL target not found
Refreshing native plugins compatible for Editor in 1.71 ms, found 4 plugins.
Preloading 0 native plugins for Editor in 0.00 ms.
Mono: successfully reloaded assembly
- Completed reload, in  2.104 seconds
Domain Reload Profiling:
	ReloadAssembly (2105ms)
		BeginReloadAssembly (275ms)
			ExecutionOrderSort (0ms)
			DisableScriptedObjects (14ms)
			BackupInstance (0ms)
			ReleaseScriptingObjects (0ms)
			CreateAndSetChildDomain (67ms)
		EndReloadAssembly (1653ms)
			LoadAssemblies (224ms)
			RebuildTransferFunctionScriptingTraits (0ms)
			SetupTypeCache (471ms)
			ReleaseScriptCaches (3ms)
			RebuildScriptCaches (118ms)
			SetupLoadedEditorAssemblies (768ms)
				LogAssemblyErrors (0ms)
				InitializePlatformSupportModulesInManaged (15ms)
				SetLoadedEditorAssemblies (1ms)
				RefreshPlugins (2ms)
				BeforeProcessingInitializeOnLoad (169ms)
				ProcessInitializeOnLoadAttributes (401ms)
				ProcessInitializeOnLoadMethodAttributes (162ms)
				AfterProcessingInitializeOnLoad (19ms)
				EditorAssembliesLoaded (0ms)
			ExecutionOrderSort2 (0ms)
			AwakeInstancesAfterBackupRestoration (18ms)
Platform modules already initialized, skipping
Refreshing native plugins compatible for Editor in 8.79 ms, found 4 plugins.
Preloading 0 native plugins for Editor in 0.00 ms.
Unloading 5142 Unused Serialized files (Serialized files now loaded: 0)
Unloading 42 unused Assets / (1.2 MB). Loaded Objects now: 5867.
Memory consumption went from 203.6 MB to 202.4 MB.
Total: 8.293800 ms (FindLiveObjects: 0.595900 ms CreateObjectMapping: 1.332300 ms MarkObjects: 5.320300 ms  DeleteObjects: 1.043800 ms)

AssetImportParameters requested are different than current active one (requested -> active):
  custom:video-decoder-ogg-theora: a1e56fd34408186e4bbccfd4996cb3dc -> 
  custom:container-muxer-webm: aa71ff27fc2769a1b78a27578f13a17b -> 
  custom:container-demuxer-webm: 4f35f7cbe854078d1ac9338744f61a02 -> 
  custom:video-encoder-webm-vp8: eb34c28f22e8b96e1ab97ce403110664 -> 
  custom:audio-encoder-webm-vorbis: bf7c407c2cedff20999df2af8eb42d56 -> 
  custom:framework-win-MediaFoundation: 216162199b28c13a410421893ffa2e32 -> 
  custom:container-demuxer-ogg: 62fdf1f143b41e24485cea50d1cbac27 -> 
  custom:video-decoder-webm-vp8: 9c59270c3fd7afecdb556c50c9e8de78 -> 
  custom:audio-decoder-ogg-vorbis: bf7c407c2cedff20999df2af8eb42d56 -> 
========================================================================
Received Prepare
Registering precompiled user dll's ...
Registered in 0.015145 seconds.
Begin MonoManager ReloadAssembly
Symbol file LoadedFromMemory doesn't match image C:\Users\34992\Unity_Projects\SpaceGame-RPG\SpaceGame\Library\PackageCache\com.unity.visualscripting@1.8.0\Editor\VisualScripting.Core\Dependencies\YamlDotNet\Unity.VisualScripting.YamlDotNet.dll
Symbol file LoadedFromMemory doesn't match image C:\Users\34992\Unity_Projects\SpaceGame-RPG\SpaceGame\Library\PackageCache\com.unity.visualscripting@1.8.0\Editor\VisualScripting.Core\Dependencies\DotNetZip\Unity.VisualScripting.IonicZip.dll
Native extension for WindowsStandalone target not found
Native extension for WebGL target not found
Refreshing native plugins compatible for Editor in 1.16 ms, found 4 plugins.
Preloading 0 native plugins for Editor in 0.00 ms.
Mono: successfully reloaded assembly
- Completed reload, in  2.462 seconds
Domain Reload Profiling:
	ReloadAssembly (2464ms)
		BeginReloadAssembly (336ms)
			ExecutionOrderSort (0ms)
			DisableScriptedObjects (20ms)
			BackupInstance (0ms)
			ReleaseScriptingObjects (0ms)
			CreateAndSetChildDomain (79ms)
		EndReloadAssembly (1882ms)
			LoadAssemblies (235ms)
			RebuildTransferFunctionScriptingTraits (0ms)
			SetupTypeCache (563ms)
			ReleaseScriptCaches (3ms)
			RebuildScriptCaches (129ms)
			SetupLoadedEditorAssemblies (852ms)
				LogAssemblyErrors (0ms)
				InitializePlatformSupportModulesInManaged (16ms)
				SetLoadedEditorAssemblies (0ms)
				RefreshPlugins (1ms)
				BeforeProcessingInitializeOnLoad (194ms)
				ProcessInitializeOnLoadAttributes (426ms)
				ProcessInitializeOnLoadMethodAttributes (195ms)
				AfterProcessingInitializeOnLoad (20ms)
				EditorAssembliesLoaded (0ms)
			ExecutionOrderSort2 (0ms)
			AwakeInstancesAfterBackupRestoration (31ms)
Platform modules already initialized, skipping
Refreshing native plugins compatible for Editor in 9.24 ms, found 4 plugins.
Preloading 0 native plugins for Editor in 0.00 ms.
Unloading 5142 Unused Serialized files (Serialized files now loaded: 0)
Unloading 42 unused Assets / (1.2 MB). Loaded Objects now: 5870.
Memory consumption went from 203.6 MB to 202.4 MB.
Total: 8.536400 ms (FindLiveObjects: 0.537300 ms CreateObjectMapping: 0.910200 ms MarkObjects: 5.919700 ms  DeleteObjects: 1.167100 ms)

AssetImportParameters requested are different than current active one (requested -> active):
  custom:video-decoder-ogg-theora: a1e56fd34408186e4bbccfd4996cb3dc -> 
  custom:container-muxer-webm: aa71ff27fc2769a1b78a27578f13a17b -> 
  custom:container-demuxer-webm: 4f35f7cbe854078d1ac9338744f61a02 -> 
  custom:video-encoder-webm-vp8: eb34c28f22e8b96e1ab97ce403110664 -> 
  custom:audio-encoder-webm-vorbis: bf7c407c2cedff20999df2af8eb42d56 -> 
  custom:framework-win-MediaFoundation: 216162199b28c13a410421893ffa2e32 -> 
  custom:container-demuxer-ogg: 62fdf1f143b41e24485cea50d1cbac27 -> 
  custom:video-decoder-webm-vp8: 9c59270c3fd7afecdb556c50c9e8de78 -> 
  custom:audio-decoder-ogg-vorbis: bf7c407c2cedff20999df2af8eb42d56 -> 
========================================================================
Received Import Request.
  Time since last request: 573.862928 seconds.
  path: Packages/com.unity.render-pipelines.universal/Runtime/Materials/Decal.mat
  artifactKey: Guid(31d0dcc6f2dd4e4408d18036a2c93862) Importer(815301076,1909f56bfc062723c751e8b465ee728b)
Start importing Packages/com.unity.render-pipelines.universal/Runtime/Materials/Decal.mat using Guid(31d0dcc6f2dd4e4408d18036a2c93862) Importer(815301076,1909f56bfc062723c751e8b465ee728b)  -> (artifact id: 'c8e26ac5ea351c06f4e72a2fd25ef549') in 0.548852 seconds 
========================================================================
Received Import Request.
  Time since last request: 0.000036 seconds.
  path: Packages/com.unity.render-pipelines.universal/Runtime/Materials/SpatialMappingOcclusion.mat
  artifactKey: Guid(b51db210fe78df745a372851b3db949e) Importer(815301076,1909f56bfc062723c751e8b465ee728b)
Start importing Packages/com.unity.render-pipelines.universal/Runtime/Materials/SpatialMappingOcclusion.mat using Guid(b51db210fe78df745a372851b3db949e) Importer(815301076,1909f56bfc062723c751e8b465ee728b)  -> (artifact id: '5ef1eab78cf2721b035d47226bb184c6') in 0.134423 seconds 
========================================================================
Received Import Request.
  Time since last request: 0.000056 seconds.
  path: Packages/com.unity.render-pipelines.universal/Runtime/Materials/ParticlesUnlit.mat
  artifactKey: Guid(e823cd5b5d27c0f4b8256e7c12ee3e6d) Importer(815301076,1909f56bfc062723c751e8b465ee728b)
Start importing Packages/com.unity.render-pipelines.universal/Runtime/Materials/ParticlesUnlit.mat using Guid(e823cd5b5d27c0f4b8256e7c12ee3e6d) Importer(815301076,1909f56bfc062723c751e8b465ee728b)  -> (artifact id: '2a027918129ed0a9ca368a927ae7a380') in 0.860377 seconds 
========================================================================
Received Import Request.
  Time since last request: 0.000045 seconds.
  path: Packages/com.unity.render-pipelines.universal/Runtime/Materials/SimpleLit.mat
  artifactKey: Guid(6a1143ee683302f4aa628c052723efc1) Importer(815301076,1909f56bfc062723c751e8b465ee728b)
Start importing Packages/com.unity.render-pipelines.universal/Runtime/Materials/SimpleLit.mat using Guid(6a1143ee683302f4aa628c052723efc1) Importer(815301076,1909f56bfc062723c751e8b465ee728b)  -> (artifact id: 'e58321b774a81b1e508f81106fb8d3f7') in 0.211719 seconds 
========================================================================
Received Import Request.
  Time since last request: 0.000051 seconds.
  path: Packages/com.unity.render-pipelines.universal/Runtime/Materials/Sprite-Lit-Default.mat
  artifactKey: Guid(a97c105638bdf8b4a8650670310a4cd3) Importer(815301076,1909f56bfc062723c751e8b465ee728b)
Start importing Packages/com.unity.render-pipelines.universal/Runtime/Materials/Sprite-Lit-Default.mat using Guid(a97c105638bdf8b4a8650670310a4cd3) Importer(815301076,1909f56bfc062723c751e8b465ee728b)  -> (artifact id: 'dcc83c92f0adcb9aa81143dec10a0f04') in 0.132148 seconds 
========================================================================
Received Import Request.
  Time since last request: 2186.682476 seconds.
  path: Assets/Scenes/HomeStation.unity
  artifactKey: Guid(5fd9c6e74a6fd6340bed8c40d190abda) Importer(815301076,1909f56bfc062723c751e8b465ee728b)
Start importing Assets/Scenes/HomeStation.unity using Guid(5fd9c6e74a6fd6340bed8c40d190abda) Importer(815301076,1909f56bfc062723c751e8b465ee728b)  -> (artifact id: '169ed4f58de8dbca282a6daf0c3bdcdb') in 0.014327 seconds 
========================================================================
Received Prepare
Registering precompiled user dll's ...
Registered in 0.017022 seconds.
Begin MonoManager ReloadAssembly
Symbol file LoadedFromMemory doesn't match image C:\Users\34992\Unity_Projects\SpaceGame-RPG\SpaceGame\Library\PackageCache\com.unity.visualscripting@1.8.0\Editor\VisualScripting.Core\Dependencies\YamlDotNet\Unity.VisualScripting.YamlDotNet.dll
Symbol file LoadedFromMemory doesn't match image C:\Users\34992\Unity_Projects\SpaceGame-RPG\SpaceGame\Library\PackageCache\com.unity.visualscripting@1.8.0\Editor\VisualScripting.Core\Dependencies\DotNetZip\Unity.VisualScripting.IonicZip.dll
Native extension for WindowsStandalone target not found
Native extension for WebGL target not found
Refreshing native plugins compatible for Editor in 1.19 ms, found 4 plugins.
Preloading 0 native plugins for Editor in 0.00 ms.
Mono: successfully reloaded assembly
- Completed reload, in  2.214 seconds
Domain Reload Profiling:
	ReloadAssembly (2215ms)
		BeginReloadAssembly (312ms)
			ExecutionOrderSort (0ms)
			DisableScriptedObjects (19ms)
			BackupInstance (0ms)
			ReleaseScriptingObjects (0ms)
			CreateAndSetChildDomain (87ms)
		EndReloadAssembly (1714ms)
			LoadAssemblies (226ms)
			RebuildTransferFunctionScriptingTraits (0ms)
			SetupTypeCache (477ms)
			ReleaseScriptCaches (4ms)
			RebuildScriptCaches (90ms)
			SetupLoadedEditorAssemblies (805ms)
				LogAssemblyErrors (0ms)
				InitializePlatformSupportModulesInManaged (15ms)
				SetLoadedEditorAssemblies (1ms)
				RefreshPlugins (1ms)
				BeforeProcessingInitializeOnLoad (163ms)
				ProcessInitializeOnLoadAttributes (440ms)
				ProcessInitializeOnLoadMethodAttributes (164ms)
				AfterProcessingInitializeOnLoad (21ms)
				EditorAssembliesLoaded (0ms)
			ExecutionOrderSort2 (0ms)
			AwakeInstancesAfterBackupRestoration (27ms)
Platform modules already initialized, skipping
Refreshing native plugins compatible for Editor in 11.69 ms, found 4 plugins.
Preloading 0 native plugins for Editor in 0.00 ms.
Unloading 5151 Unused Serialized files (Serialized files now loaded: 0)
Unloading 43 unused Assets / (1.2 MB). Loaded Objects now: 5917.
Memory consumption went from 206.7 MB to 205.5 MB.
Total: 9.178400 ms (FindLiveObjects: 0.957200 ms CreateObjectMapping: 0.947800 ms MarkObjects: 5.734500 ms  DeleteObjects: 1.535300 ms)

AssetImportParameters requested are different than current active one (requested -> active):
  custom:video-decoder-ogg-theora: a1e56fd34408186e4bbccfd4996cb3dc -> 
  custom:container-muxer-webm: aa71ff27fc2769a1b78a27578f13a17b -> 
  custom:container-demuxer-webm: 4f35f7cbe854078d1ac9338744f61a02 -> 
  custom:video-encoder-webm-vp8: eb34c28f22e8b96e1ab97ce403110664 -> 
  custom:audio-encoder-webm-vorbis: bf7c407c2cedff20999df2af8eb42d56 -> 
  custom:framework-win-MediaFoundation: 216162199b28c13a410421893ffa2e32 -> 
  custom:container-demuxer-ogg: 62fdf1f143b41e24485cea50d1cbac27 -> 
  custom:video-decoder-webm-vp8: 9c59270c3fd7afecdb556c50c9e8de78 -> 
  custom:audio-decoder-ogg-vorbis: bf7c407c2cedff20999df2af8eb42d56 -> 
